,магазины,пятерочки
0,6,1
12,7,3
24,10,3
36,6,1
48,5,1
60,6,3
72,5,2
84,6,1
96,6,1
108,7,2
120,7,3
132,9,5
144,8,6
156,4,2
168,4,1
180,4,0
192,3,1
204,8,3
216,10,4
228,5,2
240,2,1
252,4,2
264,4,1
276,11,5
288,4,2
300,8,2
312,4,1
324,6,3
336,8,3
348,7,3
360,8,3
372,2,0
384,8,3
396,4,3
408,4,1
420,8,4
432,4,1
444,8,4
456,8,1
468,7,2
480,7,1
492,9,4
504,9,3
516,8,3
528,2,0
540,1,0
552,3,0
564,5,0
576,4,3
588,1,0
600,3,2
612,4,1
624,5,1
636,7,2
648,5,1
660,6,1
672,9,4
684,3,0
696,3,0
708,3,0
720,1,0
732,8,3
744,9,4
756,9,4
768,3,0
780,12,5
792,5,1
804,5,1
816,1,0
828,8,1
840,8,4
852,9,3
864,10,6
876,5,2
888,6,0
900,3,0
912,5,3
924,3,1
936,3,1
948,5,3
960,6,1
972,4,0
984,10,3
996,3,2
1008,5,1
1020,2,1
1032,5,2
1044,10,3
1056,7,1
1068,8,4
1080,3,2
1092,4,0
1104,9,2
1116,2,0
1128,4,0
1140,9,5
1152,5,2
1164,5,4
1176,8,3
1188,3,0
1200,3,0
1212,5,1
1224,6,1
1236,3,1
1248,6,0
1260,2,1
1272,3,2
1284,7,3
1296,4,0
1308,2,0
1320,3,1
1332,4,0
1344,7,2
1356,6,1
1368,11,2
1380,7,4
1392,6,3
1404,9,3
1416,5,4
1428,8,3
1440,6,0
1452,2,0
1464,10,4
1476,3,1
1488,5,1
1500,4,1
1512,12,2
1524,4,2
1536,1,0
1548,6,1
1560,4,2
1572,8,2
1584,6,2
1596,7,3
1608,4,1
1620,3,0
1632,5,1
1644,7,1
1656,4,2
1668,7,3
1680,8,3
1692,9,3
1704,7,2
1716,1,0
1728,11,4
1740,1,0
1752,6,4
1764,9,5
1776,7,1
1788,12,1
1800,10,0
1812,6,0
1824,9,3
1836,8,6
1848,6,3
1860,4,1
1872,8,4
1884,5,2
1896,6,1
1908,0,0
1920,7,3
1932,3,0
1944,4,0
1956,2,0
1968,5,2
1980,8,3
1992,8,2
2004,4,2
2016,9,2
2028,1,1
2040,11,4
2052,8,3
2064,1,1
2076,4,0
2088,5,1
2100,2,1
2112,7,2
2124,6,2
2136,5,1
2148,9,1
2160,4,2
2172,7,3
2184,9,2
2196,5,2
2208,8,1
2220,9,2
2232,6,1
2244,6,4
2256,8,2
2268,3,0
2280,0,0
2292,7,1
2304,6,1
2316,8,4
2328,5,2
2340,6,0
2352,3,1
2364,6,1
2376,4,1
2388,2,0
2400,6,3
2412,6,0
2424,9,4
2436,7,2
2448,4,2
2460,12,7
2472,3,2
2484,8,1
2496,3,2
2508,7,4
2520,4,2
2532,8,2
2544,5,2
2556,7,0
2568,5,1
2580,3,0
2592,1,0
2604,6,2
2616,5,1
2628,13,7
2640,4,0
2652,3,0
2664,2,0
2676,7,0
2688,7,2
2700,10,2
2712,1,1
2724,5,1
2736,3,2
2748,7,2
2760,4,0
2772,2,0
2784,5,2
2796,6,3
2808,5,0
2820,6,0
2832,7,0
2844,10,2
2856,13,4
2868,3,0
2880,3,1
2892,3,1
2904,2,1
2916,3,1
2928,2,1
2940,3,0
2952,8,2
2964,2,0
2976,3,0
2988,2,2
3000,5,2
3012,3,1
3024,6,2
3036,0,0
3048,5,0
3060,6,2
3072,1,0
3084,12,2
3096,2,2
3108,10,3
3120,8,4
3132,8,4
3144,10,3
3156,5,3
3168,3,2
3180,1,0
3192,4,3
3204,6,3
3216,4,1
3228,6,3
3240,2,0
3252,1,0
3264,0,0
3276,4,2
3288,6,3
3300,3,1
3312,4,2
3324,4,2
3336,4,2
3348,2,1
3360,7,3
3372,1,1
3384,5,2
3396,5,2
3408,4,2
3420,2,0
3432,2,1
3444,4,2
3456,1,0
3468,4,2
3480,5,3
3492,4,1
3504,2,2
3516,7,0
3528,6,0
3540,5,0
3552,6,2
3564,2,1
3576,8,3
3588,6,1
3600,3,0
3612,1,0
3624,4,0
3636,8,2
3648,4,1
3660,6,1
3672,3,1
3684,6,3
3696,7,2
3708,4,3
3720,2,1
3732,4,0
3744,4,1
3756,3,1
3768,4,2
3780,4,1
3792,7,2
3804,5,1
3816,3,1
3828,5,2
3840,5,0
3852,6,2
3864,5,2
3876,4,0
3888,5,2
3900,4,1
3912,5,1
3924,2,0
3936,1,0
3948,2,0
3960,6,1
3972,10,2
3984,6,3
3996,8,2
4008,3,3
4020,3,1
4032,11,3
4044,6,2
4056,3,2
4068,1,0
4080,1,1
4092,5,1
4104,4,1
4116,4,2
4128,7,3
4140,5,1
4152,4,2
4164,5,2
4176,1,1
4188,7,1
4200,3,1
4212,4,1
4224,8,2
4236,8,1
4248,4,1
4260,9,2
4272,5,1
4284,7,1
4296,7,2
4308,7,1
4320,8,3
4332,4,1
4344,1,1
4356,4,2
4368,7,4
4380,3,0
4392,6,3
4404,4,1
4416,4,0
4428,5,0
4440,1,1
4452,5,2
4464,1,0
4476,7,3
4488,6,3
4500,7,3
4512,4,2
4524,3,1
4536,6,1
4548,2,0
4560,1,0
4572,1,0
4584,0,0
4596,3,0
4608,6,3
4620,4,1
4632,4,1
4644,1,0
4656,10,1
4668,0,0
4680,2,0
4692,4,1
4704,7,1
4716,4,1
4728,2,1
4740,2,1
4752,7,2
4764,3,1
4776,4,1
4788,5,2
4800,1,1
4812,3,1
4824,5,1
4836,3,1
4848,6,3
4860,7,2
4872,2,1
4884,6,2
4896,8,2
4908,4,2
4920,1,1
4932,2,0
4944,2,1
4956,5,0
4968,4,0
4980,7,2
4992,8,3
5004,6,1
5016,8,2
5028,4,2
5040,4,1
5052,3,2
5064,4,2
5076,1,0
5088,2,1
5100,9,2
5112,1,0
5124,4,0
5136,3,1
5148,6,1
5160,4,2
5172,3,1
5184,5,1
5196,4,0
5208,9,3
5220,4,1
5232,7,1
5244,4,0
5256,6,3
5268,10,3
5280,0,0
5292,2,1
5304,5,2
5316,4,2
5328,7,2
5340,4,2
5352,2,0
5364,3,1
5376,6,2
5388,3,1
5400,5,3
5412,2,0
5424,5,3
5436,5,3
5448,3,1
5460,2,1
5472,10,3
5484,5,1
5496,3,0
5508,10,3
5520,1,0
5532,9,4
5544,6,0
5556,5,2
5568,6,1
5580,1,0
5592,6,2
5604,5,1
5616,3,1
5628,11,3
5640,8,2
5652,0,0
5664,5,1
5676,7,1
5688,5,2
5700,10,4
5712,7,5
5724,5,2
5736,4,1
5748,4,1
5760,7,2
5772,3,2
5784,7,4
5796,3,1
5808,6,1
5820,5,2
5832,4,2
5844,4,4
5856,5,2
5868,7,3
5880,1,1
5892,7,1
5904,8,3
5916,4,2
5928,6,1
5940,7,2
5952,8,2
5964,4,2
5976,10,1
5988,5,1
6000,3,2
6012,9,4
6024,3,1
6036,7,2
6048,3,2
6060,6,2
6072,10,4
6084,9,3
6096,5,1
6108,8,2
6120,9,4
6132,3,0
6144,6,1
6156,2,0
6168,6,0
6180,12,4
6192,8,3
6204,5,0
6216,15,4
6228,14,6
6240,5,3
6252,5,2
6264,5,3
6276,8,3
6288,11,4
6300,5,1
6312,5,0
6324,2,2
6336,2,2
6348,6,2
6360,6,4
6372,8,7
6384,11,2
6396,8,4
6408,10,1
6420,4,3
6432,3,0
6444,5,2
6456,4,0
6468,6,2
6480,7,3
6492,7,2
6504,8,2
6516,5,3
6528,6,2
6540,10,3
6552,5,2
6564,4,0
6576,4,2
6588,2,1
6600,8,4
6612,8,3
6624,4,0
6636,4,1
6648,8,3
6660,8,3
6672,9,3
6684,3,1
6696,2,1
6708,8,1
6720,4,0
6732,6,3
6744,7,2
6756,1,0
6768,13,5
6780,4,0
6792,2,1
6804,14,5
6816,3,0
6828,10,4
6840,8,3
6852,9,3
6864,5,1
6876,11,4
6888,8,3
6900,13,5
6912,7,1
6924,8,3
6936,2,0
6948,13,4
6960,11,4
6972,13,5
6984,7,3
6996,9,3
7008,4,1
7020,4,1
7032,7,1
7044,8,2
7056,2,1
7068,7,1
7080,6,2
7092,4,1
7104,12,3
7116,9,3
7128,8,2
7140,9,3
7152,4,0
7164,7,1
7176,9,1
7188,5,0
7200,8,3
7212,3,1
7224,6,3
7236,10,2
7248,1,0
7260,4,1
7272,8,4
7284,2,0
7296,6,1
7308,6,3
7320,4,1
7332,6,2
7344,9,0
7356,4,1
7368,5,1
7380,2,0
7392,4,1
7404,4,0
7416,5,2
7428,4,1
7440,1,0
7452,2,0
7464,4,1
7476,1,0
7488,1,0
7500,6,1
7512,0,0
7524,6,0
7536,6,1
7548,9,2
7560,4,2
7572,4,2
7584,7,0
7596,8,2
7608,3,0
7620,6,0
7632,3,0
7644,7,1
7656,2,0
7668,3,0
7680,3,0
7692,3,0
7704,2,0
7716,6,1
7728,1,1
7740,3,1
7752,3,1
7756,7,2
7768,6,1
7780,4,1
7792,5,0
7804,8,3
7816,7,4
7828,9,4
7840,3,1
7852,6,1
7864,5,0
7876,7,2
7888,2,1
7900,5,2
7912,6,1
7924,2,1
7936,5,2
7948,9,4
7960,6,0
7972,5,0
7984,3,0
7996,4,1
8008,3,1
8020,8,2
8032,6,0
8044,9,2
8056,11,1
8068,13,3
8080,7,2
8092,11,3
8104,5,2
8116,6,2
8128,1,0
8140,1,1
8152,4,0
8164,4,1
8176,7,2
8188,7,2
8200,6,1
8212,3,1
8224,4,1
8236,5,0
8248,0,0
8260,3,1
8272,5,1
8284,6,2
8296,3,2
8308,1,1
8320,3,0
8332,10,2
8344,9,2
8356,3,1
8368,2,1
8380,5,2
8392,5,3
8404,5,2
8416,7,3
8428,6,2
8440,5,0
8452,3,0
8464,6,3
8476,3,2
8488,4,0
8500,5,1
8512,6,3
8524,7,4
8536,6,0
8548,2,0
8560,4,0
8572,6,1
8584,7,1
8596,6,1
8608,3,1
8620,8,2
8632,8,1
8644,6,1
8656,4,1
8668,6,1
8680,0,0
8692,7,2
8704,5,2
8716,5,2
8728,4,2
8740,3,0
8752,1,1
8764,4,1
8776,5,1
8788,3,2
8800,7,3
8812,4,1
8824,7,3
8836,7,2
8848,5,1
8860,1,0
8872,3,2
8884,6,3
8896,10,3
8908,6,0
8920,10,2
8932,4,2
8944,9,2
8956,5,1
8968,9,4
8980,5,0
8992,8,2
9004,10,2
9016,10,3
9028,3,0
9040,6,3
9052,5,0
9064,6,2
9076,7,2
9088,14,2
9100,2,1
9112,5,2
9124,9,0
9136,11,0
9148,7,2
9160,3,0
9172,1,0
9184,3,1
9196,2,1
9208,2,0
9220,9,1
9232,8,2
9244,6,3
9256,9,1
9268,5,0
9280,6,1
9292,4,3
9304,7,1
9316,4,0
9328,6,2
9340,4,3
9352,4,1
9364,1,0
9376,6,1
9388,5,0
9400,6,2
9412,4,0
9424,6,1
9436,6,0
9448,5,0
9460,5,1
9472,4,1
9484,6,3
9496,0,0
9508,6,1
9520,9,0
9532,5,2
9544,6,2
9556,6,1
9568,7,2
9580,8,2
9592,9,2
9604,6,2
9616,2,0
9628,4,1
9640,3,2
9652,13,1
9664,9,2
9676,6,1
9688,5,0
9700,2,1
9712,6,1
9724,1,0
9736,9,2
9748,6,2
9760,5,2
9772,8,0
9784,10,2
9796,4,0
9808,4,1
9820,5,0
9832,5,2
9844,5,1
9856,6,1
9868,3,1
9880,2,1
9892,8,2
9904,5,2
9916,2,0
9928,7,2
9940,6,2
9952,5,1
9964,6,3
9976,6,2
9988,6,2
10000,5,0
10012,3,1
10024,4,1
10036,9,2
10048,1,1
10060,11,4
10072,8,2
10084,2,0
10096,5,2
10108,3,1
10120,3,0
10132,2,1
10144,2,0
10156,5,0
10168,5,1
10180,2,0
10192,7,1
10204,3,0
10216,1,0
10228,2,0
10240,1,0
10252,6,2
10264,3,1
10276,1,0
10288,7,1
10300,3,0
10312,8,2
10324,5,1
10336,6,2
10348,2,0
10360,6,0
10372,5,2
10384,5,1
10396,3,0
10408,6,0
10420,12,3
10432,11,1
10444,4,0
10456,5,1
10468,5,1
10480,2,0
10492,0,0
10504,6,0
10516,2,0
10528,2,0
10540,6,1
10552,8,2
10564,2,0
10576,6,1
10588,5,2
10600,7,0
10612,4,1
10624,8,2
10636,1,0
10648,7,2
10660,12,4
10672,3,0
10684,11,3
10696,3,0
10708,4,0
10720,4,0
10732,6,0
10744,3,0
10756,7,1
10768,3,0
10780,6,0
10792,5,0
10804,7,0
10816,9,4
10828,5,1
10840,8,1
10852,2,0
10864,6,1
10876,11,4
10888,5,1
10900,4,0
10912,4,2
10924,3,1
10936,3,1
10948,6,2
10960,4,1
10972,5,1
10984,7,1
10996,2,0
11008,5,2
11020,6,1
11032,9,3
11044,5,1
11056,4,1
11068,5,1
11080,3,1
11092,8,5
11104,6,1
11116,6,2
11128,10,3
11140,0,0
11152,11,6
11164,8,3
11176,2,0
11188,8,3
11200,2,1
11212,3,1
11224,5,1
11236,5,1
11248,6,3
11260,2,0
11272,14,2
11284,5,1
11296,8,2
11308,6,1
11320,8,1
11332,11,1
11344,3,0
11356,7,1
11368,7,2
11380,2,0
11392,4,1
11404,13,4
11416,7,2
11428,7,2
11440,7,3
11452,4,0
11464,5,0
11476,4,1
11488,6,1
11500,7,1
11512,9,3
11524,4,0
11536,8,2
11548,7,2
11560,2,1
11572,3,2
11584,3,1
11596,2,0
11608,5,1
11620,6,1
11632,10,4
11644,10,4
11656,5,2
11668,6,2
11680,5,0
11692,5,1
11704,7,3
11716,5,0
11728,10,4
11740,4,0
11752,5,1
11764,4,0
11776,4,2
11788,13,6
11800,9,2
11812,7,2
11824,8,4
11836,5,1
11848,9,4
11860,11,4
11872,7,1
11884,1,0
11896,2,1
11908,9,1
11920,5,0
11932,1,0
11944,3,1
11956,5,3
11968,9,4
11980,6,1
11992,3,1
12004,4,1
12016,6,2
12028,2,1
12040,4,1
12052,12,2
12064,2,0
12076,8,1
12088,5,3
12100,6,2
12112,6,2
12124,10,3
12136,4,1
12148,7,5
12160,5,3
12172,7,3
12184,6,2
12196,8,3
12208,4,2
12220,8,4
12232,5,2
12244,4,2
12256,7,2
12268,6,2
12280,4,1
12292,5,1
12304,2,0
12316,4,1
12328,6,2
12340,6,2
12352,7,1
12364,3,2
12376,6,2
12388,7,3
12400,7,1
12412,7,2
12424,4,1
12436,3,1
12448,7,2
12460,3,1
12472,5,1
12484,7,3
12496,10,2
12508,7,4
12520,3,1
12532,7,0
12544,6,1
12556,6,2
12568,7,3
12580,4,0
12592,6,2
12604,7,3
12616,3,1
12628,12,4
12640,12,5
12652,3,0
12664,5,2
12676,5,1
12688,3,1
12700,7,2
12712,9,2
12724,7,2
12736,9,4
12748,4,1
12760,4,1
12772,13,6
12784,7,2
12796,10,3
12808,15,5
12820,7,2
12832,8,2
12844,7,2
12856,1,0
12868,8,4
12880,8,3
12892,8,5
12904,8,1
12916,6,3
12928,9,3
12940,6,1
12952,9,4
12964,10,2
12976,6,1
12988,8,2
13000,3,1
13012,8,5
13024,5,3
13036,8,1
13048,9,3
13060,7,2
13072,6,2
13084,4,2
13096,5,2
13108,7,4
13120,3,2
13132,6,2
13144,8,3
13156,10,5
13168,9,4
13180,7,5
13192,7,4
13204,6,4
13216,6,0
13228,10,4
13240,6,3
13252,6,4
13264,10,1
13276,3,2
13288,3,0
13300,10,4
13312,7,5
13324,7,4
13336,9,2
13348,4,0
13360,2,0
13372,5,2
13384,2,1
13396,5,0
13408,5,3
13420,11,5
13432,4,1
13444,10,3
13456,3,1
13468,10,7
13480,12,5
13492,6,3
13504,3,1
13516,8,1
13528,5,1
13540,10,4
13552,7,1
13564,10,1
13576,5,2
13588,14,7
13600,8,2
13612,4,2
13624,2,1
13636,3,0
13648,6,2
13660,4,1
13672,7,1
13684,8,3
13696,5,3
13708,5,1
13720,2,1
13732,13,5
13744,4,2
13756,3,1
13768,8,1
13780,5,3
13792,8,5
13804,7,3
13816,8,2
13828,2,0
13840,6,3
13852,7,2
13864,11,6
13876,3,2
13888,2,1
13900,9,2
13912,6,2
13924,9,3
13936,4,2
13948,9,3
13960,9,1
13972,2,0
13984,5,2
13996,7,3
14008,5,1
14020,5,3
14032,6,3
14044,4,1
14056,2,1
14068,0,0
14080,4,2
14092,3,1
14104,4,1
14116,3,0
14128,7,3
14140,5,2
14152,10,4
14164,6,3
14176,6,2
14188,8,3
14200,11,3
14212,7,4
14224,10,5
14236,5,1
14248,6,2
14260,8,1
14272,9,4
14284,8,1
14296,13,6
14308,6,2
14320,5,4
14332,4,2
14344,9,6
14356,2,1
14368,7,2
14380,9,3
14392,6,3
14404,7,1
14416,8,4
14428,11,4
14440,5,3
14452,4,1
14464,4,1
14476,5,2
14488,9,4
14500,6,3
14512,3,0
14524,4,2
14536,8,4
14548,8,4
14560,8,4
14572,6,3
14584,13,4
14596,10,4
14608,4,1
14620,5,2
14632,2,0
14644,8,5
14656,7,3
14668,3,0
14680,10,6
14692,5,3
14704,8,2
14716,6,3
14728,10,4
14740,2,0
14752,6,2
14764,5,2
14776,3,1
14788,7,4
14800,10,2
14812,9,3
14824,14,3
14836,8,4
14848,4,2
14860,6,2
14872,10,4
14884,3,1
14896,5,2
14908,10,4
14920,0,0
14932,6,2
14944,9,4
14956,2,0
14968,11,6
14980,3,2
14992,2,2
15004,7,2
15016,3,1
15028,4,3
15040,5,1
15052,8,4
15064,0,0
15076,11,2
15088,2,1
15100,4,1
15112,6,1
15124,3,1
15136,2,0
15148,8,3
15160,1,0
15172,3,0
15184,0,0
15196,2,0
15208,7,3
15220,7,3
15232,8,5
15244,6,2
15256,7,4
15268,7,3
15280,11,4
15292,5,1
15304,3,0
15316,8,0
15328,5,2
15340,4,0
15352,2,0
15364,2,0
15376,4,3
15388,8,3
15400,3,1
15412,8,3
15424,10,2
15436,2,0
15448,4,1
15460,4,1
15472,9,3
15484,11,4
15496,5,1
15508,8,2
15520,0,0
15532,4,0
15544,6,3
15556,2,1
15568,4,1
15580,3,1
15592,4,1
15604,4,1
15616,4,1
15628,9,5
15640,2,1
15652,4,1
15664,1,0
15676,1,0
15688,3,2
15700,3,0
15712,5,1
15724,12,4
15736,5,1
15748,3,2
15760,8,5
15772,4,2
15784,2,0
15796,2,1
15808,9,4
15820,2,1
15832,3,0
15844,4,0
15856,8,2
15868,8,3
15880,5,0
15892,10,0
15904,5,2
15916,2,1
15928,1,1
15940,5,3
15952,8,4
15964,8,4
15976,8,3
15988,4,2
16000,4,0
16012,4,3
16024,13,6
16036,4,2
16048,7,4
16060,3,1
16072,6,3
16084,7,4
16096,3,1
16108,2,1
16120,1,1
16132,5,3
16144,5,2
16156,7,2
16168,2,1
16180,5,3
16192,0,0
16204,5,2
16216,8,2
16228,4,1
16240,5,0
16252,6,2
16264,6,1
16276,4,2
16288,11,5
16300,6,1
16312,9,2
16324,6,1
16335,5,2
16347,6,1
16359,8,2
16371,1,0
16383,10,5
16395,5,1
16407,7,2
16419,8,0
16431,2,1
16443,8,2
16455,4,2
16467,4,0
16479,1,1
16491,5,1
16503,8,2
16515,5,3
16527,6,4
16539,7,5
16551,3,1
16563,9,4
16575,7,2
16587,8,5
16599,4,1
16611,4,2
16623,9,3
16635,10,4
16647,3,2
16659,3,2
16671,5,2
16683,13,4
16695,0,0
16707,3,1
16719,1,0
16731,4,0
16743,1,1
16755,1,0
16767,7,2
16779,8,2
16791,5,2
16803,5,2
16815,1,0
16827,6,4
16839,5,1
16851,4,2
16863,4,1
16875,4,0
16887,13,1
16899,5,1
16911,3,0
16923,7,1
16935,4,0
16947,0,0
16959,4,1
16971,11,3
16983,9,2
16995,1,0
17007,4,1
17019,11,2
17031,6,2
17043,6,1
17055,5,1
17067,0,0
17079,4,1
17091,1,1
17103,4,0
17115,5,2
17127,5,0
17139,5,2
17151,12,1
17163,8,2
17175,9,3
17187,4,1
17199,3,0
17211,1,0
17223,8,1
17235,6,1
17247,4,1
17259,0,0
17271,4,1
17283,4,1
17295,2,0
17307,3,0
17319,11,4
17331,7,5
17343,6,1
17355,5,3
17367,4,2
17379,4,1
17391,8,4
17403,6,2
17415,8,3
17427,2,0
17439,2,0
17451,1,0
17463,3,0
17475,10,2
17487,4,0
17499,3,1
17511,2,0
17523,7,1
17535,7,1
17547,6,3
17559,1,1
17571,4,3
17583,3,0
17595,3,0
17607,3,2
17619,8,2
17631,7,3
17643,4,0
17655,3,1
17667,1,0
17679,5,2
17691,0,0
17703,1,1
17715,3,0
17727,11,4
17739,12,4
17751,8,1
17763,6,1
17775,8,3
17787,7,0
17799,5,0
17811,2,1
17823,2,1
17835,7,3
17847,9,4
17859,0,0
17871,2,0
17883,3,0
17895,3,0
17907,9,3
17919,9,4
17931,3,2
17943,7,3
17955,4,1
17967,11,6
17979,3,2
17991,7,2
18003,2,2
18015,6,2
18027,10,2
18039,4,2
18051,2,1
18063,3,0
18075,7,0
18087,2,1
18099,8,3
18111,2,1
18123,4,0
18135,5,1
18147,9,1
18159,8,4
18171,6,1
18183,7,1
18195,7,1
18207,6,3
18219,3,2
18231,1,1
18243,1,0
18255,5,2
18267,6,1
18279,1,0
18291,5,4
18303,3,3
18315,6,1
18327,7,1
18339,7,4
18351,3,0
18363,9,1
18375,9,2
18387,5,1
18399,13,4
18411,2,1
18423,1,0
18435,9,1
18447,6,2
18459,9,7
18471,9,2
18483,4,1
18495,3,2
18507,4,1
18519,6,1
18531,8,2
18543,7,2
18555,0,0
18567,9,4
18579,4,1
18591,4,2
18603,6,0
18615,4,2
18627,2,2
18639,5,3
18651,3,1
18663,2,1
18675,5,1
18687,2,1
18699,2,1
18711,3,2
18723,5,2
18735,4,1
18747,3,0
18759,3,2
18771,1,0
18783,4,1
18795,12,5
18807,8,4
18819,7,3
18831,10,1
18843,8,3
18855,8,3
18867,5,1
18879,4,0
18891,7,3
18903,3,1
18915,7,1
18927,4,1
18939,3,0
18951,8,3
18963,5,1
18975,7,2
18987,4,2
18999,3,1
19011,9,3
19023,2,1
19035,6,3
19047,9,3
19059,5,2
19071,7,2
19083,5,2
19095,4,1
19107,3,1
19119,2,1
19131,8,2
19143,4,3
19155,2,0
19167,6,2
19179,5,2
19191,1,1
19203,0,0
19215,5,1
19227,0,0
19239,0,0
19251,4,1
19263,5,3
19275,1,0
19287,5,3
19299,10,4
19311,1,1
19323,7,1
19335,11,6
19347,5,1
19359,3,1
19371,6,2
19383,7,2
19395,4,0
19407,9,6
19419,8,2
19431,4,1
19443,5,3
19455,7,1
19467,5,1
19479,3,2
19491,7,3
19503,5,2
19515,4,2
19527,12,6
19539,3,1
19551,4,1
19563,1,0
19575,9,3
19587,4,1
19599,3,1
19611,2,1
19623,1,0
19635,6,2
19647,9,3
19659,8,2
19671,2,0
19683,2,1
19695,3,0
19707,6,1
19719,5,2
19731,1,0
19743,6,0
19755,9,5
19767,4,1
19779,13,4
19791,9,3
19803,4,1
19815,2,0
19827,4,2
19839,10,4
19851,2,0
19863,4,1
19875,3,3
19887,9,3
19899,5,2
19911,3,0
19923,5,1
19935,8,2
19947,8,2
19959,8,4
19971,2,0
19983,8,2
19995,3,1
20007,5,2
20019,2,1
20031,8,2
20043,0,0
20055,9,5
20067,2,1
20079,5,1
20091,5,1
20103,12,3
20115,6,0
20127,7,1
20139,5,1
20151,3,0
20163,9,1
20175,5,2
20187,4,1
20199,7,2
20211,4,3
20223,3,0
20235,2,1
20247,5,2
20259,5,1
20271,4,0
20283,1,1
20295,10,3
20307,8,5
20319,7,4
20331,4,2
20343,0,0
20355,4,4
20367,3,1
20379,3,1
20391,6,1
20403,13,3
20415,11,1
20427,9,1
20439,6,1
20451,8,1
20463,5,0
20475,3,1
20487,3,1
20499,4,2
20511,4,2
20523,2,0
20535,7,2
20547,4,1
20559,10,3
20571,13,3
20583,0,0
20595,4,2
20607,8,0
20619,4,2
20631,10,4
20643,7,2
20655,19,7
20667,5,2
20679,1,0
20691,6,0
20703,1,1
20715,6,2
20727,5,1
20739,9,3
20751,7,3
20763,7,1
20775,9,3
20787,14,6
20799,7,2
20811,2,1
20823,8,2
20835,4,1
20847,5,0
20859,3,2
20864,5,1
20876,2,0
20888,6,0
20900,7,1
20912,6,1
20924,7,0
20936,4,0
20948,6,2
20960,4,1
20972,5,2
20984,6,2
20996,2,1
21008,2,0
21020,6,1
21032,1,0
21044,4,0
21056,7,3
21068,5,1
21080,1,0
21092,3,1
21104,4,1
21116,3,1
21128,4,2
21140,7,4
21152,6,3
21164,6,1
21176,3,0
21188,5,2
21200,10,0
21212,4,1
21224,8,4
21236,12,2
21248,9,1
21260,3,0
21272,3,1
21284,5,0
21296,9,2
21308,3,1
21320,9,4
21332,7,2
21344,11,4
21356,1,1
21368,4,2
21380,11,3
21392,4,1
21404,5,3
21416,8,1
21428,7,3
21440,10,3
21452,7,1
21464,4,2
21476,0,0
21488,2,2
21500,4,1
21512,7,2
21524,2,0
21536,9,2
21548,8,3
21560,8,4
21572,1,0
21584,4,0
21596,6,3
21608,2,0
21620,3,0
21632,2,1
21644,4,1
21656,2,0
21668,6,1
21680,9,3
21692,8,4
21704,5,3
21716,2,0
21728,6,0
21740,7,3
21752,4,1
21764,12,3
21776,7,4
21788,0,0
21800,6,3
21812,5,1
21824,5,1
21836,7,3
21848,2,0
21860,4,1
21872,6,3
21884,5,0
21896,7,2
21908,1,0
21920,1,1
21932,12,3
21944,0,0
21956,7,1
21968,6,3
21980,2,1
21992,1,0
22004,7,5
22016,5,2
22028,6,2
22040,0,0
22052,5,0
22064,6,0
22076,9,3
22088,5,1
22100,5,0
22112,6,0
22124,6,2
22136,11,5
22148,3,1
22160,5,1
22172,1,0
22184,4,2
22196,8,3
22208,0,0
22220,3,0
22232,6,2
22244,2,0
22256,5,1
22268,3,2
22280,4,1
22292,3,1
22304,4,1
22316,9,1
22328,6,1
22340,2,0
22352,7,1
22364,6,1
22376,8,4
22388,1,0
22400,11,3
22412,2,1
22424,11,3
22436,7,2
22448,3,1
22460,6,2
22472,8,3
22484,2,2
22496,9,4
22508,1,0
22520,3,2
22532,4,0
22544,2,0
22556,5,1
22568,4,2
22580,3,1
22592,4,1
22604,2,1
22616,3,2
22628,13,4
22640,5,1
22652,5,2
22664,1,1
22676,2,0
22688,7,1
22700,7,1
22712,10,3
22724,0,0
22736,9,0
22748,8,1
22760,4,2
22772,7,2
22784,4,1
22796,8,0
22808,4,0
22820,0,0
22832,2,0
22844,5,1
22856,6,2
22868,3,2
22880,8,1
22892,2,1
22904,3,2
22916,5,2
22928,2,1
22940,7,3
22952,3,0
22964,8,3
22976,5,0
22988,3,1
23000,1,0
23012,2,1
23024,9,2
23036,6,3
23048,5,4
23060,3,0
23072,3,0
23084,0,0
23096,2,0
23108,5,1
23120,3,0
23132,1,1
23144,2,1
23156,6,1
23168,7,4
23180,9,4
23192,5,0
23204,3,1
23216,8,0
23228,5,1
23240,11,1
23252,0,0
23264,5,2
23276,11,3
23288,5,1
23300,5,1
23312,1,0
23324,5,1
23336,1,1
23348,4,1
23360,6,1
23372,2,0
23384,2,0
23396,6,3
23408,2,0
23420,9,2
23432,2,1
23444,4,1
23456,4,1
23468,10,3
23480,4,2
23492,5,0
23504,7,3
23516,8,2
23528,4,2
23540,4,1
23552,1,0
23564,4,0
23576,4,1
23588,5,3
23600,8,2
23612,6,2
23624,9,3
23636,7,3
23648,3,0
23660,13,6
23672,2,1
23684,7,3
23696,8,1
23708,9,2
23720,4,2
23732,5,2
23744,4,2
23756,3,0
23768,5,1
23780,5,1
23792,3,0
23804,1,0
23816,3,0
23828,5,2
23840,3,1
23852,3,0
23864,5,2
23876,1,1
23888,6,1
23900,1,0
23912,8,3
23924,2,0
23936,9,3
23948,5,1
23960,3,0
23972,4,0
23984,4,3
23996,6,4
24008,4,2
24020,4,1
24032,7,2
24044,4,0
24056,2,0
24068,6,0
24080,5,1
24092,2,1
24104,3,0
24116,12,4
24128,5,1
24140,5,2
24152,7,3
24164,10,4
24176,13,2
24188,8,5
24200,0,0
24212,7,3
24224,3,1
24236,6,1
24248,6,4
24260,7,2
24272,9,1
24284,4,1
24296,2,1
24308,8,1
24320,10,4
24332,1,0
24344,2,0
24356,10,5
24368,9,3
24380,8,0
24392,10,0
24404,2,0
24416,0,0
24428,2,0
24440,4,1
24452,2,0
24464,3,2
24476,2,0
24488,3,1
24500,2,1
24512,7,3
24524,6,1
24536,7,2
24548,7,2
24560,11,4
24572,6,1
24584,3,1
24596,6,2
24608,7,3
24620,3,2
24632,4,0
24644,6,4
24656,5,2
24668,7,1
24680,10,3
24692,5,2
24704,6,0
24716,6,3
24728,6,3
24740,8,5
24752,11,4
24764,0,0
24776,8,2
24788,10,2
24800,2,0
24812,7,3
24824,4,2
24836,7,0
24848,3,0
24860,6,0
24872,1,0
24884,3,2
24896,6,1
24908,5,2
24920,3,2
24932,7,2
24944,3,1
24956,9,4
24968,8,1
24980,7,3
24992,6,3
25004,2,1
25016,3,2
25028,5,4
25040,3,1
25052,3,1
25064,6,2
25076,5,1
25088,6,2
25100,1,0
25112,1,0
25124,7,2
25136,3,0
25148,0,0
25160,3,2
25172,7,0
25184,5,0
25196,2,1
25208,6,3
25220,2,1
25232,8,4
25244,10,3
25256,4,0
25268,0,0
25280,2,0
25292,5,2
25304,4,1
25316,5,0
25328,8,3
25340,3,1
25352,0,0
25364,4,0
25376,3,1
25388,3,1
25400,4,2
25412,5,1
25424,2,0
25436,9,4
25448,2,1
25460,7,2
25472,6,0
25484,3,1
25496,2,1
25508,3,0
25520,7,1
25532,4,2
25544,5,3
25556,5,2
25568,4,1
25580,5,1
25592,2,0
25604,8,2
25616,5,1
25628,7,2
25640,3,2
25652,6,1
25664,3,1
25676,5,1
25688,5,1
25700,0,0
25712,5,2
25724,7,2
25736,9,3
25748,7,4
25760,7,1
25772,4,3
25784,5,1
25796,8,3
25808,1,0
25820,3,0
25832,1,1
25844,4,0
25856,3,0
25868,8,4
25880,7,1
25892,5,1
25904,9,1
25916,12,2
25928,13,3
25940,10,2
25952,5,2
25964,2,0
25976,7,2
25988,6,3
26000,1,0
26012,2,2
26024,5,3
26036,2,1
26048,1,0
26060,3,2
26072,4,2
26084,8,3
26096,7,2
26108,2,0
26120,7,3
26132,10,3
26144,5,1
26156,2,0
26168,3,1
26180,4,1
26192,5,1
26204,4,1
26216,10,2
26228,4,1
26240,4,2
26252,4,1
26264,0,0
26276,6,3
26288,0,0
26300,0,0
26312,9,2
26324,4,1
26336,4,1
26348,3,1
26360,6,3
26372,3,0
26384,4,1
26396,0,0
26408,10,3
26420,7,2
26432,4,1
26444,3,1
26456,6,3
26468,8,1
26480,9,4
26492,9,4
26504,3,0
26516,6,1
26528,0,0
26540,10,2
26552,3,0
26564,2,2
26576,3,1
26588,5,2
26600,3,2
26612,3,0
26624,6,2
26636,6,1
26648,3,1
26660,7,1
26672,2,0
26684,8,4
26696,0,0
26708,6,3
26720,4,1
26732,1,1
26744,4,0
26756,4,2
26768,2,0
26780,9,2
26792,3,1
26804,7,3
26816,7,4
26828,1,0
26840,5,1
26852,7,4
26864,3,0
26876,5,2
26888,2,1
26900,5,2
26912,6,2
26924,5,0
26936,4,0
26948,6,2
26960,2,0
26972,5,2
26984,4,1
26996,7,3
27008,5,3
27020,1,0
27032,6,2
27044,6,2
27056,0,0
27068,4,0
27080,4,0
27092,8,1
27104,3,1
27116,7,1
27128,3,1
27140,7,2
27152,5,1
27164,11,4
27176,4,0
27188,7,2
27200,6,2
27212,4,1
27224,3,1
27236,6,2
27248,6,2
27260,4,1
27272,12,4
27284,6,2
27296,3,0
27308,8,3
27320,5,1
27332,7,5
27344,2,0
27356,4,3
27368,5,0
27380,12,4
27392,9,4
27404,3,0
27416,13,5
27428,4,3
27440,4,0
27452,19,2
27464,8,2
27476,9,2
27488,3,1
27500,3,1
27512,1,0
27524,4,2
27536,6,3
27548,7,2
27560,8,2
27572,1,1
27584,9,5
27596,7,2
27608,6,2
27620,8,3
27632,8,4
27644,7,1
27656,8,1
27668,3,1
27680,7,2
27692,4,1
27704,3,1
27716,11,5
27728,5,2
27740,4,1
27752,4,3
27764,9,2
27776,12,4
27788,0,0
27800,7,2
27812,5,2
27824,8,3
27836,2,1
27848,4,2
27860,4,2
27872,11,2
27884,2,2
27896,0,0
27908,8,3
27920,6,2
27932,5,1
27944,2,0
27956,7,3
27968,2,1
27980,6,2
27992,7,0
28004,9,3
28016,6,0
28028,7,2
28040,3,1
28052,6,3
28064,7,1
28076,4,1
28088,0,0
28100,1,0
28112,7,3
28124,0,0
28136,2,0
28148,6,3
28160,4,1
28172,2,0
28184,2,1
28196,2,0
28208,8,4
28220,5,1
28232,1,0
28244,1,0
28256,7,4
28268,6,1
28280,6,1
28292,2,1
28304,4,1
28316,3,2
28328,8,3
28340,5,3
28352,6,1
28364,15,3
28376,2,1
28388,5,1
28400,2,1
28412,5,2
28424,5,1
28436,5,0
28448,2,0
28460,3,1
28472,4,1
28484,7,3
28496,0,0
28508,1,0
28520,1,0
28532,4,0
28544,6,3
28556,1,0
28568,7,3
28580,5,2
28592,1,0
28604,2,0
28616,10,2
28628,9,2
28640,7,1
28652,8,1
28664,5,2
28676,6,1
28688,3,0
28700,7,1
28712,5,2
28724,3,3
28736,0,0
28748,4,3
28760,5,1
28772,1,0
28784,2,0
28796,12,1
28808,4,2
28820,2,0
28832,8,0
28844,2,1
28856,10,6
28868,4,1
28880,9,2
28892,3,1
28904,5,4
28916,6,2
28928,7,2
28940,2,0
28952,1,1
28964,3,0
28976,1,1
28988,2,1
29000,3,1
29012,4,0
29024,1,0
29036,5,1
29048,3,1
29060,4,0
29072,3,0
29084,3,1
29096,12,1
29108,10,2
29120,6,0
29132,2,0
29144,4,0
29156,2,0
29168,7,1
29180,7,2
29192,5,0
29204,10,4
29216,11,4
29228,4,1
29240,4,2
29252,7,1
29264,9,1
29276,8,2
29288,3,0
29300,6,1
29312,12,8
29324,4,0
29336,1,0
29348,4,1
29360,4,1
29372,3,1
29384,8,4
29396,7,2
29408,10,3
29420,4,1
29432,6,3
29444,7,1
29456,4,2
29468,5,2
29480,6,3
29492,5,3
29504,9,6
29516,7,2
29528,5,1
29540,6,2
29552,6,3
29564,8,1
29576,9,4
29588,3,1
29600,7,1
29612,7,2
29624,4,0
29636,4,1
29648,0,0
29660,2,0
29672,2,0
29684,6,2
29696,5,1
29708,4,2
29720,7,2
29732,2,1
29744,2,1
29756,4,1
29768,1,0
29780,1,0
29792,2,2
29804,4,2
29816,5,1
29828,7,1
29840,6,1
29852,10,6
29864,10,4
29876,2,0
29888,3,0
29900,2,0
29912,7,1
29924,3,0
29936,4,0
29948,2,1
29960,5,1
29972,7,1
29984,0,0
29996,3,1
30008,4,2
30020,6,2
30032,4,2
30044,3,3
30056,1,0
30068,6,2
30080,3,0
30092,6,2
30104,5,2
30116,1,0
30128,6,2
30140,4,0
30152,3,1
30164,2,0
30176,6,1
30188,6,0
30200,2,0
30212,5,3
30224,7,2
30236,4,0
30248,0,0
30260,8,1
30272,6,0
30284,7,1
30296,5,2
30308,0,0
30320,6,3
30332,10,4
30344,8,4
30356,9,3
30368,9,2
30380,5,1
30392,4,0
30404,2,0
30416,15,2
30428,11,3
30440,0,0
30452,9,5
30464,6,3
30476,6,3
30488,4,2
30500,12,3
30512,2,0
30524,9,4
30536,4,1
30548,4,2
30560,6,1
30572,3,1
30584,2,1
30596,3,2
30608,4,1
30620,7,2
30632,4,1
30644,7,2
30656,8,2
30668,13,3
30680,5,4
30692,5,1
30704,11,2
30716,7,4
30728,0,0
30740,3,2
30752,3,1
30764,3,1
30776,4,2
30788,7,0
30800,5,2
30812,7,2
30824,6,2
30836,2,1
30848,6,1
30860,2,0
30872,11,3
30884,6,0
30896,2,0
30908,10,7
30920,1,1
30932,10,4
30944,9,1
30956,9,5
30968,5,1
30980,10,3
30992,6,1
31004,4,1
31016,7,1
31028,5,2
31040,4,1
31052,5,1
31064,5,0
31076,7,3
31088,3,1
31100,3,1
31112,4,0
31124,2,0
31136,5,4
31148,4,2
31160,2,0
31172,0,0
31184,5,3
31196,5,3
31208,2,2
31220,4,2
31232,9,2
31244,6,2
31256,3,1
31268,3,1
31280,6,1
31292,0,0
31304,4,1
31316,8,2
31328,2,0
31340,5,1
31352,5,2
31364,2,1
31376,3,0
31388,7,1
31400,3,2
31412,4,1
31424,9,2
31436,0,0
31448,6,4
31460,3,2
31472,6,1
31484,7,2
31496,6,3
31508,3,0
31520,3,1
31532,8,1
31544,11,1
31556,6,2
31568,4,1
31580,6,2
31592,0,0
31604,3,0
31616,1,0
31628,4,1
31640,17,5
31652,6,1
31664,0,0
31676,2,1
31688,4,0
31700,5,2
31712,2,1
31724,1,0
31736,0,0
31748,8,5
31760,9,5
31772,7,1
31784,2,0
31796,3,0
31808,7,2
31820,3,1
31832,4,0
31844,5,0
31856,4,0
31868,12,3
31880,5,1
31892,9,2
31904,5,1
31916,11,3
31928,9,3
31940,3,1
31952,4,2
31964,1,1
31976,4,2
31988,0,0
32000,7,0
32012,3,0
32024,3,1
32036,8,4
32048,4,1
32060,4,1
32072,12,2
32084,0,0
32096,2,1
32108,1,1
32120,4,3
32132,12,3
32144,6,2
32156,3,1
32168,9,3
32180,8,1
32192,4,0
32204,9,3
32216,9,3
32228,11,3
32240,1,0
32252,12,3
32264,0,0
32276,1,1
32288,6,4
32300,9,2
32312,10,2
32324,5,1
32336,2,0
32348,3,1
32360,11,3
32372,3,2
32384,13,4
32396,4,0
32408,10,3
32420,4,2
32432,2,0
32444,5,2
32456,5,3
32468,7,2
32480,6,1
32492,8,4
32504,8,2
32516,2,1
32528,8,2
32540,3,0
32552,2,0
32564,5,2
32576,5,2
32588,4,1
32600,4,0
32612,11,2
32624,6,1
32636,3,0
32648,4,2
32660,2,0
32672,9,2
32684,3,0
32696,4,2
32708,5,2
32720,0,0
32732,13,5
32744,6,3
32756,14,6
32768,4,3
32780,6,0
32792,0,0
32804,4,1
32816,7,4
32828,6,2
32840,7,1
32852,9,1
32864,3,1
32876,2,0
32888,2,2
32900,3,0
32912,5,2
32924,4,1
32936,13,2
32948,7,1
32960,4,0
32972,4,0
32984,3,1
32996,4,2
33008,4,0
33020,5,1
33032,2,0
33044,5,1
33056,3,0
33068,4,1
33080,5,1
33092,6,2
33104,8,3
33116,4,2
33128,1,0
33140,0,0
33152,3,0
33164,0,0
33176,1,0
33188,0,0
33200,2,0
33212,8,2
33224,8,3
33236,7,4
33248,2,0
33259,6,3
33271,13,2
33283,3,1
33295,5,3
33307,7,2
33319,5,2
33331,6,3
33343,2,2
33355,2,1
33367,2,1
33379,12,1
33391,6,2
33403,0,0
33415,9,5
33427,2,0
33439,3,1
33451,1,0
33463,2,1
33470,4,2
33482,1,0
33494,5,0
33506,3,1
33518,6,1
33530,7,4
33542,7,4
33554,4,1
33566,3,1
33578,3,1
33590,10,6
33602,7,2
33614,2,1
33626,4,0
33638,13,3
33650,7,1
33662,7,4
33674,8,2
33686,7,2
33698,7,1
33710,0,0
33722,5,1
33734,2,2
33746,6,2
33758,7,1
33770,7,1
33782,14,2
33794,8,3
33806,2,2
33818,4,1
33830,3,0
33842,1,0
33854,6,1
33866,8,3
33878,4,2
33890,5,1
33902,5,0
33914,3,0
33926,8,2
33938,4,0
33950,7,0
33962,0,0
33974,2,0
33986,2,1
33998,2,0
34010,2,0
34022,7,4
34034,8,0
34046,3,1
34058,5,3
34070,3,1
34082,2,0
34094,2,0
34106,8,4
34118,3,1
34130,7,3
34142,7,1
34154,13,4
34166,5,1
34178,3,0
34190,5,3
34202,4,0
34214,7,3
34226,6,2
34238,5,4
34250,1,0
34262,4,2
34274,5,1
34286,2,1
34298,10,4
34310,2,1
34322,6,5
34334,0,0
34346,3,0
34358,7,1
34370,0,0
34382,4,0
34394,3,0
34406,2,0
34418,5,2
34430,12,5
34442,2,0
34454,5,2
34466,4,0
34478,8,1
34490,5,0
34502,1,0
34514,4,0
34526,6,1
34538,4,0
34550,3,1
34562,2,1
34574,7,3
34586,7,2
34598,2,0
34610,1,0
34622,0,0
34634,3,1
34646,1,0
34658,3,1
34670,8,2
34682,8,5
34694,9,1
34706,5,2
34718,6,3
34730,2,1
34742,4,0
34754,7,3
34766,3,1
34778,4,1
34790,0,0
34802,4,1
34814,0,0
34826,4,2
34838,1,0
34850,7,4
34862,8,4
34874,0,0
34886,3,2
34898,7,1
34910,8,1
34922,11,2
34934,7,5
34946,3,0
34958,1,0
34970,9,1
34982,11,2
34994,2,1
35006,6,3
35018,8,2
35030,11,2
35042,5,1
35054,9,5
35066,4,1
35078,10,1
35090,1,0
35102,3,0
35114,4,1
35126,2,0
35138,8,3
35150,0,0
35162,10,7
35174,5,1
35186,4,2
35198,1,0
35210,8,0
35222,0,0
35234,5,2
35246,7,3
35258,4,1
35270,4,0
35282,6,2
35294,3,0
35306,2,0
35318,2,0
35330,1,0
35342,4,0
35354,6,2
35366,6,3
35378,3,1
35390,0,0
35402,5,1
35414,7,1
35426,0,0
35438,2,0
35450,4,3
35462,10,2
35474,9,4
35486,9,0
35498,13,3
35510,3,1
35522,4,1
35534,2,0
35546,7,2
35558,5,1
35570,3,1
35582,9,1
35594,3,2
35606,3,0
35618,4,1
35630,12,1
35642,6,2
35654,4,1
35666,8,1
35678,1,0
35690,5,3
35702,7,1
35714,3,0
35726,6,1
35738,4,3
35750,9,6
35762,5,1
35769,6,0
35781,13,3
35793,3,2
35805,6,2
35817,2,0
35829,2,0
35841,3,0
35853,7,3
35865,8,1
35877,5,3
35889,10,4
35895,10,2
35907,0,0
35919,9,1
35931,2,1
35943,0,0
35955,2,0
35967,5,1
35979,0,0
35991,10,2
36003,6,2
36015,5,2
36027,1,0
36039,8,2
36051,9,2
36063,4,2
36075,7,1
36087,5,1
36099,1,0
36111,5,2
36123,7,3
36135,12,2
36147,7,3
36159,4,2
36171,5,1
36183,3,1
36195,3,3
36207,1,0
36219,4,1
36231,10,4
36243,3,1
36255,6,1
36267,2,0
36279,2,0
36291,12,4
36303,1,1
36315,6,4
36327,5,1
36339,0,0
36351,5,1
36363,7,3
36375,7,2
36387,9,2
36399,4,0
36411,9,2
36423,6,0
36435,2,2
36447,0,0
36459,4,1
36471,5,2
36483,10,3
36495,5,0
36507,7,3
36519,2,0
36531,7,5
36543,3,0
36555,1,0
36567,6,2
36579,7,2
36591,2,1
36603,7,1
36615,4,0
36627,1,0
36639,12,0
36651,0,0
36663,6,1
36675,3,1
36687,9,2
36699,3,1
36711,17,5
36723,0,0
36735,4,0
36747,9,4
36759,2,1
36771,0,0
36783,11,4
36795,1,0
36807,13,2
36819,3,1
36831,5,2
36843,6,3
36855,5,1
36867,1,0
36879,5,1
36891,8,2
36903,6,1
36915,8,5
36927,2,1
36939,2,0
36951,2,0
36963,1,0
36975,8,3
36987,6,2
36999,5,0
37011,0,0
37023,2,0
37035,9,2
37047,7,1
37059,7,1
37071,14,3
37083,12,3
37095,5,3
37107,2,0
37119,2,1
37131,1,0
37143,7,0
37155,2,1
37167,3,3
37179,4,2
37191,5,1
37203,9,2
37215,5,2
37227,15,5
37239,5,2
37251,3,0
37263,7,0
37275,5,1
37287,0,0
37299,1,0
37311,3,2
37323,5,2
37335,7,2
37347,4,1
37359,0,0
37371,6,2
37383,10,1
37395,2,0
37407,8,1
37419,6,1
37431,2,0
37443,9,2
37455,7,1
37467,3,1
37479,1,0
37491,3,2
37503,7,1
37515,7,1
37527,9,3
37539,5,1
37551,2,1
37563,10,1
37575,7,3
37587,12,4
37599,0,0
37611,5,2
37623,6,2
37635,10,4
37647,2,0
37659,3,1
37671,0,0
37683,5,0
37695,7,2
37707,9,2
37719,11,5
37731,8,2
37743,0,0
37755,5,1
37767,7,4
37779,4,2
37791,8,0
37803,9,3
37815,5,1
37827,3,1
37839,6,2
37851,9,5
37863,9,4
37875,5,2
37887,11,5
37899,4,1
37911,7,3
37923,5,1
37935,6,2
37947,0,0
37959,6,1
37971,9,1
37983,7,1
37995,0,0
38007,6,1
38019,8,2
38031,6,1
38043,0,0
38055,2,1
38067,7,1
38079,7,3
38091,2,0
38103,12,3
38115,4,0
38127,3,1
38139,5,3
38151,7,1
38163,6,2
38175,3,1
38187,2,0
38199,3,2
38211,6,3
38223,6,1
38235,4,1
38247,4,0
38259,8,2
38271,3,0
38283,4,0
38295,4,0
38307,9,2
38319,4,1
38331,6,2
38343,10,1
38355,3,1
38367,3,0
38379,9,2
38391,4,2
38403,6,2
38415,3,0
38427,7,2
38439,3,1
38451,8,3
38463,2,0
38475,11,5
38487,8,4
38499,2,0
38511,0,0
38523,10,6
38535,0,0
38547,1,0
38559,1,1
38571,8,3
38583,3,0
38595,0,0
38607,2,0
38619,6,1
38631,10,4
38643,12,3
38655,10,7
38667,4,2
38679,0,0
38691,0,0
38703,5,2
38715,6,3
38727,4,1
38739,7,1
38751,0,0
38763,11,3
38775,1,0
38787,7,1
38799,5,1
38811,5,2
38823,3,1
38835,3,0
38847,5,2
38859,9,3
38871,4,1
38883,0,0
38895,5,1
38907,6,2
38919,6,1
38931,6,4
38943,2,0
38955,3,1
38967,5,1
38979,4,1
38991,13,4
39003,9,2
39015,5,3
39027,1,1
39039,2,0
39051,1,0
39063,6,2
39075,5,2
39087,4,1
39099,6,2
39111,2,1
39123,1,1
39135,2,2
39147,3,1
39159,6,3
39171,10,4
39183,4,1
39195,6,3
39207,4,2
39219,5,3
39231,2,1
39243,8,0
39255,5,0
39267,4,1
39279,10,1
39291,2,0
39303,2,0
39315,3,1
39327,6,3
39339,2,0
39351,8,3
39363,2,0
39375,7,2
39387,3,0
39399,6,0
39411,10,3
39423,14,6
39435,3,0
39447,7,1
39459,3,0
39471,6,1
39483,3,2
39495,5,1
39507,7,2
39519,9,3
39531,8,1
39543,2,1
39555,2,1
39567,5,2
39579,4,1
39591,4,0
39603,5,2
39615,1,0
39627,9,0
39639,6,1
39651,5,1
39663,3,0
39675,9,2
39687,3,0
39699,1,0
39711,2,0
39720,1,0
39726,10,5
39738,4,1
39750,4,0
39762,2,0
39774,4,0
39786,5,2
39798,3,1
39810,4,1
39822,9,3
39834,11,2
39846,3,0
39858,8,0
39870,3,1
39882,3,0
39894,6,0
39906,2,0
39918,8,2
39930,2,1
39942,10,2
39954,10,1
39966,9,1
39978,6,1
39990,4,1
40002,9,1
40014,4,1
40026,5,2
40038,2,1
40050,5,1
40062,10,3
40074,7,1
40086,6,0
40098,8,2
40110,1,0
40122,9,4
40134,3,1
40146,6,2
40158,2,0
40170,2,0
40182,2,1
40194,0,0
40206,10,4
40218,3,1
40230,1,0
40242,7,1
40254,8,1
40266,6,2
40278,5,2
40290,3,1
40302,5,1
40314,5,0
40326,8,0
40338,7,4
40350,9,3
40362,9,3
40374,9,0
40386,11,1
40398,2,1
40410,8,2
40422,3,0
40434,11,4
40446,3,1
40458,9,1
40470,8,3
40482,7,1
40494,7,1
40506,7,1
40518,3,1
40530,0,0
40542,3,1
40554,8,1
40566,2,0
40578,3,2
40590,1,0
40602,7,1
40614,6,3
40626,2,0
40638,3,0
40650,4,2
40662,4,3
40674,2,1
40686,6,1
40698,6,3
40710,3,1
40722,9,3
40734,5,0
40746,0,0
40758,8,2
40770,0,0
40782,1,0
40794,0,0
40806,2,1
40818,6,2
40830,9,6
40842,3,0
40854,6,0
40866,8,1
40878,4,0
40890,8,1
40902,10,2
40914,5,0
40926,8,0
40938,5,0
40950,8,2
40962,3,1
40974,5,1
40986,5,2
40998,9,1
41010,2,0
41022,9,2
41034,5,2
41046,3,3
41058,0,0
41070,9,2
41082,4,2
41094,7,3
41106,0,0
41118,7,3
41130,2,1
41142,3,1
41154,9,1
41166,6,0
41178,7,0
41190,6,2
41202,6,1
41214,2,1
41226,2,0
41238,6,1
41250,11,3
41262,1,0
41274,2,0
41286,2,1
41298,5,2
41310,5,1
41322,7,1
41334,12,1
41346,6,2
41358,5,1
41370,2,1
41382,7,1
41394,8,3
41406,2,1
41418,11,2
41430,4,0
41442,3,1
41454,8,4
41466,5,1
41478,3,1
41490,0,0
41502,5,1
41514,9,2
41526,4,2
41538,3,0
41550,4,1
41562,7,3
41574,2,0
41586,7,1
41598,2,0
41610,5,3
41622,5,2
41634,4,0
41646,5,4
41658,2,1
41670,4,1
41682,9,1
41694,6,2
41706,8,3
41718,12,3
41730,6,4
41742,3,0
41754,1,0
41766,4,0
41778,9,2
41790,5,0
41802,2,1
41814,1,0
41826,4,1
41838,2,1
41850,3,2
41857,3,0
41869,8,3
41881,9,3
41893,2,1
41905,8,2
41917,3,0
41929,7,2
41941,3,1
41953,4,0
41965,2,0
41977,11,4
41989,3,0
42001,3,1
42013,3,0
42025,3,1
42030,8,2
42042,5,0
42054,4,1
42066,3,0
42078,8,2
42090,5,1
42102,0,0
42114,1,1
42126,3,0
42138,7,1
42150,0,0
42162,4,0
42174,8,1
42186,7,4
42198,10,4
42210,8,4
42222,7,4
42234,8,3
42246,7,1
42258,7,1
42270,1,0
42282,10,4
42294,9,2
42306,0,0
42318,1,0
42326,11,4
42338,2,0
42350,5,0
42362,1,0
42374,3,0
42386,2,0
42398,2,0
42410,8,1
42422,3,1
42434,4,2
42446,8,2
42458,11,4
42470,8,3
42482,2,1
42494,7,1
42506,6,2
42518,5,2
42530,2,1
42542,1,0
42554,7,2
42566,0,0
42578,5,2
42590,4,0
42602,7,3
42614,1,1
42626,3,1
42638,2,0
42650,6,2
42662,5,1
42674,8,4
42686,7,1
42698,2,1
42710,9,4
42722,1,0
42734,1,0
42746,5,1
42758,0,0
42770,1,0
42782,5,1
42794,2,0
42806,0,0
42818,3,2
42830,8,5
42842,3,1
42854,7,1
42866,3,1
42878,0,0
42890,7,2
42902,0,0
42914,3,1
42926,3,1
42938,8,1
42950,8,1
42962,2,1
42974,1,0
42986,7,0
42998,0,0
43010,6,1
43022,4,1
43034,4,1
43046,8,2
43058,10,0
43070,2,0
43082,8,1
43094,6,2
43106,3,1
43118,0,0
43130,6,0
43142,1,1
43154,6,1
43166,8,2
43178,6,1
43190,6,0
43202,4,2
43214,8,1
43226,4,0
43238,5,1
43250,8,2
43262,5,1
43274,2,2
43286,4,2
43298,5,2
43310,4,2
43322,5,2
43334,7,4
43346,4,1
43358,8,1
43370,1,1
43382,6,1
43394,14,1
43406,9,2
43418,9,1
43430,5,1
43442,10,3
43454,5,1
43466,9,4
43478,1,1
43490,10,6
43502,11,1
43514,3,2
43526,6,5
43538,3,2
43550,5,0
43562,10,2
43574,6,4
43586,7,2
43598,11,2
43610,5,2
43622,7,0
43634,5,0
43646,6,3
43658,3,2
43670,1,1
43682,5,1
43694,8,3
43706,8,2
43718,11,4
43730,8,3
43742,4,1
43754,4,0
43766,9,2
43778,7,1
43790,6,4
43802,8,2
43814,5,0
43826,8,2
43838,10,5
43850,1,0
43862,2,2
43874,4,2
43886,5,1
43898,6,2
43910,8,0
43922,9,0
43934,2,1
43946,4,1
43958,5,0
43970,2,1
43982,10,2
43994,2,0
44006,6,1
44018,6,1
44030,4,1
44042,7,2
44054,8,0
44066,13,1
44078,11,4
44090,8,1
44102,4,1
44114,4,0
44126,4,1
44138,7,0
44150,3,0
44162,5,3
44174,3,1
44186,2,0
44198,5,2
44210,3,0
44222,2,0
44234,2,1
44246,2,0
44258,6,3
44270,14,6
44282,2,0
44294,5,2
44306,4,1
44318,8,2
44330,8,3
44342,12,3
44354,2,0
44366,10,2
44378,3,1
44390,1,0
44402,7,0
44414,7,1
44426,6,1
44438,4,1
44450,10,1
44462,6,2
44474,8,2
44486,0,0
44498,3,2
44510,11,5
44522,7,2
44534,9,2
44546,6,3
44558,8,2
44570,11,0
44582,7,2
44594,4,1
44606,7,3
44618,2,0
44630,5,3
44642,3,0
44654,5,0
44666,0,0
44678,2,0
44690,5,0
44702,6,2
44714,1,0
44726,2,0
44738,6,0
44750,5,1
44762,2,0
44774,4,1
44784,5,2
44796,8,4
44808,2,0
44820,9,3
44832,6,4
44844,2,0
44856,5,1
44868,4,1
44880,10,3
44892,3,1
44904,10,4
44916,6,4
44928,1,0
44940,3,1
44952,5,2
44964,3,0
44976,1,0
44988,0,0
45000,4,3
45012,0,0
45024,6,1
45036,5,1
45048,3,1
45060,3,2
45072,12,5
45084,0,0
45096,7,0
45108,4,1
45120,5,1
45132,5,1
45144,10,4
45156,4,3
45168,4,0
45180,0,0
45192,2,1
45204,4,2
45216,6,3
45228,5,0
45240,0,0
45252,4,2
45264,8,3
45276,2,1
45288,7,1
45300,5,0
45312,2,0
45324,4,2
45336,8,2
45348,9,4
45360,6,2
45372,2,1
45384,2,1
45396,8,3
45408,2,0
45420,7,3
45432,2,0
45444,4,1
45456,0,0
45468,7,1
45480,11,3
45492,3,0
45504,3,1
45516,1,0
45528,7,3
45540,2,0
45552,0,0
45564,10,4
45576,3,2
45588,8,3
45600,11,3
45612,4,0
45624,3,2
45636,6,1
45648,5,1
45660,4,1
45672,3,0
45684,3,0
45696,1,0
45708,4,1
45720,8,2
45732,6,1
45744,6,3
45756,7,2
45768,5,1
45780,6,1
45792,1,1
45804,2,0
45816,2,0
45828,5,0
45840,7,2
45852,1,0
45864,2,0
45876,8,2
45888,4,0
45900,4,2
45912,7,1
45924,3,0
45936,4,1
45948,7,2
45960,6,3
45972,0,0
45984,8,4
45996,0,0
46008,9,4
46020,3,1
46032,7,1
46044,9,4
46056,4,2
46068,9,3
46080,7,3
46092,3,1
46104,5,2
46116,3,1
46128,3,1
46140,3,1
46152,5,1
46164,4,0
46176,3,1
46188,2,1
46200,5,2
46212,5,2
46224,2,0
46236,3,1
46248,0,0
46260,2,0
46272,1,0
46284,0,0
46296,2,1
46308,10,4
46320,6,3
46332,4,1
46344,5,3
46356,6,1
46368,10,4
46380,8,5
46392,3,1
46404,5,1
46416,3,2
46428,5,2
46440,3,2
46452,13,3
46464,7,2
46476,4,2
46488,5,3
46500,5,1
46512,4,2
46524,5,2
46536,1,1
46548,5,0
46560,12,3
46572,5,3
46584,6,2
46596,6,2
46608,2,0
46620,4,2
46632,9,3
46644,7,1
46656,3,1
46668,6,3
46680,11,5
46692,1,1
46704,4,1
46716,7,2
46728,0,0
46740,2,0
46752,2,1
46764,8,1
46776,12,4
46788,3,2
46800,3,0
46812,3,0
46824,3,1
46836,7,2
46848,3,0
46860,4,2
46872,0,0
46884,2,0
46896,4,0
46908,7,3
46920,3,1
46932,3,1
46944,5,2
46956,4,1
46968,10,4
46980,3,1
46992,6,4
47004,2,1
47016,5,4
47028,5,0
47040,3,2
47052,8,3
47064,4,1
47076,6,2
47088,0,0
47096,6,3
47108,5,2
47120,0,0
47132,3,2
47144,6,2
47156,7,2
47168,1,0
47180,5,1
47192,5,0
47204,3,2
47216,7,2
47228,2,1
47240,8,2
47252,5,1
47264,6,1
47276,4,0
47288,4,0
47300,7,3
47312,6,0
47324,3,1
47336,7,4
47348,4,1
47360,2,0
47372,4,2
47384,1,0
47396,8,1
47408,4,1
47420,2,0
47432,5,2
47444,9,4
47456,10,2
47468,0,0
47480,7,2
47492,3,0
47504,2,1
47516,2,0
47528,8,5
47540,5,1
47552,3,0
47564,5,2
47576,6,2
47588,5,1
47600,9,1
47612,6,2
47624,7,1
47636,4,1
47648,10,4
47660,4,1
47672,6,3
47684,2,0
47696,3,0
47708,3,1
47720,8,3
47732,3,0
47744,10,2
47756,5,1
47768,6,1
47780,10,3
47792,8,0
47804,2,1
47816,4,0
47828,13,1
47840,1,0
47852,9,2
47864,1,0
47876,2,1
47888,8,2
47900,7,3
47912,5,0
47924,10,3
47936,10,5
47948,1,0
47960,6,1
47972,4,2
47984,4,3
47996,1,0
48008,4,0
48020,5,1
48032,6,1
48044,2,1
48056,1,0
48068,8,2
48080,3,1
48092,11,4
48104,6,3
48116,4,0
48128,5,2
48140,2,0
48152,4,2
48164,4,0
48176,3,0
48188,4,2
48200,10,5
48212,4,3
48224,8,1
48236,3,1
48248,6,3
48260,9,3
48272,4,1
48284,7,2
48296,4,0
48308,7,1
48320,5,1
48332,5,2
48344,8,2
48356,0,0
48368,13,7
48380,6,4
48392,3,0
48404,0,0
48416,2,1
48428,2,0
48440,0,0
48452,5,1
48464,4,0
48476,7,2
48488,3,0
48500,5,1
48512,0,0
48524,4,2
48536,6,2
48548,0,0
48560,3,2
48572,1,0
48584,3,0
48596,4,1
48608,3,0
48620,13,5
48632,2,0
48644,6,3
48656,7,4
48668,1,0
48680,1,0
48692,11,5
48704,8,4
48716,1,0
48728,10,4
48740,6,4
48752,4,1
48764,5,2
48776,5,3
48788,4,0
48800,3,0
48812,11,4
48824,10,5
48836,1,0
48848,2,0
48860,4,0
48872,7,2
48884,1,0
48896,9,3
48908,10,5
48920,9,3
48932,7,4
48944,5,0
48956,4,2
48968,1,0
48980,18,4
48992,2,0
49004,10,0
49016,1,1
49028,6,3
49040,8,1
49052,2,2
49064,6,0
49076,4,0
49088,3,1
49100,3,2
49112,4,0
49124,6,3
49136,7,0
49148,3,0
49160,5,1
49172,3,0
49184,4,1
49196,4,0
49208,10,2
49220,0,0
49232,9,3
49244,5,0
49256,13,3
49268,3,1
49280,6,3
49292,6,3
49304,5,1
49316,1,0
49328,0,0
49340,10,5
49352,3,2
49364,3,0
49376,5,1
49388,9,6
49400,7,0
49412,2,1
49424,8,2
49436,2,2
49448,8,1
49460,7,1
49472,0,0
49484,0,0
49496,7,2
49508,6,2
49520,19,3
49532,9,2
49544,6,0
49556,3,1
49568,1,0
49580,7,0
49592,5,3
49604,2,0
49616,7,2
49628,5,2
49640,6,2
49648,3,2
49660,0,0
49672,5,1
49684,6,2
49696,8,2
49708,5,1
49720,4,1
49732,2,1
49744,7,3
49756,3,1
49768,1,1
49780,2,1
49792,1,0
49804,6,2
49816,5,1
49828,4,0
49840,11,3
49852,1,0
49864,6,3
49871,1,1
49883,7,1
49895,1,0
49907,9,2
49919,4,1
49931,8,0
49943,0,0
49955,3,0
49967,1,0
49979,4,3
49991,12,0
50003,1,0
50015,1,0
50027,8,2
50039,9,2
50051,3,0
50063,5,0
50075,10,5
50087,6,2
50099,1,1
50111,4,1
50123,4,3
50135,4,1
50147,5,1
50159,1,1
50171,3,0
50183,7,2
50195,1,0
50207,7,1
50219,6,1
50231,3,0
50243,3,1
50250,0,0
50262,6,1
50274,2,0
50286,9,2
50298,5,4
50310,2,0
50322,9,3
50334,4,2
50346,0,0
50358,0,0
50370,3,1
50382,12,6
50394,5,1
50406,13,4
50418,9,1
50430,6,1
50442,9,1
50454,4,2
50466,7,2
50478,7,4
50490,8,2
50502,6,1
50514,2,0
50526,8,3
50538,2,1
50550,2,0
50562,0,0
50574,7,1
50586,1,0
50598,3,1
50610,4,1
50622,4,1
50634,4,0
50646,3,2
50658,2,1
50670,10,5
50682,4,1
50694,4,3
50706,5,1
50718,2,0
50730,5,1
50742,3,1
50754,1,0
50759,1,0
50771,2,1
50777,5,0
50789,4,0
50801,1,0
50813,5,1
50825,6,4
50837,6,1
50849,4,2
50861,6,2
50873,12,5
50885,8,0
50897,12,6
50909,2,0
50921,8,0
50933,3,1
50945,1,0
50957,8,0
50969,6,4
50981,4,1
50993,3,1
51005,9,4
51017,1,0
51029,3,0
51041,13,1
51053,4,0
51065,7,2
51077,2,0
51089,2,0
51101,0,0
51113,2,0
51125,0,0
51137,10,1
51149,1,0
51161,3,2
51170,2,0
51182,7,2
51194,5,1
51206,5,2
51218,6,1
51230,3,0
51242,3,0
51254,2,0
51266,4,1
51278,4,0
51290,6,1
51302,1,0
51314,13,4
51326,7,1
51338,12,5
51350,13,4
51362,4,1
51374,1,0
51386,7,3
51398,3,1
51410,3,2
51419,5,3
51431,4,0
51443,9,2
51455,1,0
51467,7,2
51479,9,1
51491,11,1
51503,5,3
51510,12,3
51522,5,1
51534,9,2
51546,2,0
51558,4,1
51570,8,1
51582,7,3
51594,5,0
51606,6,0
51618,6,2
51630,10,3
51642,1,0
51654,8,3
51666,8,4
51678,5,0
51690,2,0
51702,8,1
51714,2,1
51726,3,1
51738,16,3
51750,6,2
51762,5,1
51774,1,0
51786,3,0
51798,4,1
51810,5,4
51822,8,2
51834,5,2
51846,6,2
51858,6,2
51870,14,4
51882,2,1
51894,8,0
51906,1,0
51918,0,0
51930,4,2
51942,3,1
51954,8,3
51966,2,1
51978,9,5
51990,5,2
52002,2,0
52014,4,1
52026,3,0
52038,8,3
52050,4,3
52062,5,2
52074,2,0
52086,5,2
52098,5,1
52110,7,0
52122,4,1
52134,1,0
52146,13,3
52158,5,3
52170,5,0
52182,1,0
52194,6,2
52200,9,4
52212,3,0
52224,14,6
52236,7,2
52248,4,0
52260,3,2
52272,3,1
52284,1,1
52296,11,5
52308,9,3
52320,6,1
52332,1,0
52344,0,0
52356,2,1
52368,10,3
52380,3,0
52392,0,0
52404,5,1
52416,7,3
52428,10,3
52440,4,0
52452,4,0
52464,5,1
52476,2,2
52488,2,0
52500,8,2
52512,3,2
52524,3,0
52536,7,5
52548,0,0
52560,4,1
52572,5,2
52584,1,0
52596,1,0
52608,8,2
52620,0,0
52632,9,4
52644,3,0
52656,2,0
52668,9,1
52680,6,0
52692,2,1
52704,5,2
52716,0,0
52728,5,2
52740,8,5
52747,2,0
52759,6,1
52767,10,3
52779,6,3
52787,6,0
52799,9,3
52811,5,1
52823,1,0
52835,1,0
52847,1,0
52859,0,0
52871,8,2
52883,1,0
52895,10,4
52907,9,3
52919,4,1
52931,8,1
52943,1,0
52955,0,0
52967,3,0
52979,5,1
52991,0,0
53003,9,4
53015,3,2
53021,2,0
53033,0,0
53045,4,1
53057,3,1
53069,11,4
53081,5,0
53093,8,1
53105,6,3
53117,7,2
53129,6,1
53141,3,1
53153,9,1
53165,3,0
53177,16,8
53189,8,2
53201,9,3
53213,9,1
53225,6,3
53237,7,3
53249,3,2
53261,1,0
53273,4,2
53285,0,0
53297,8,3
53309,3,0
53315,7,1
53327,0,0
53339,0,0
53351,6,3
53363,5,1
53375,8,2
53387,7,0
53399,4,0
53411,5,1
53423,0,0
53435,6,0
53447,8,2
53452,14,5
53459,17,8
53471,0,0
53483,3,0
53495,4,0
53507,2,1
53519,2,0
53531,4,1
53543,4,2
53555,8,5
53567,1,1
53579,3,2
53591,3,2
53603,7,2
53615,6,1
53627,4,1
53639,4,2
53651,9,4
53663,2,0
53675,5,0
53687,6,4
53699,1,0
53711,0,0
53723,2,0
53735,7,1
53747,3,1
53759,10,4
53771,3,1
53783,4,2
53795,5,1
53807,3,1
53819,7,5
53831,7,4
53843,3,1
53855,6,2
53867,4,1
53879,6,3
53891,3,1
53903,7,3
53913,14,5
53925,7,3
53937,7,3
53949,5,0
53961,3,0
53973,8,2
53985,4,2
53997,2,1
54009,3,0
54021,1,0
54033,0,0
54045,1,0
54057,8,3
54069,1,0
54081,5,1
54093,5,3
54105,9,3
54117,2,0
54129,11,3
54141,3,1
54153,7,2
54165,9,1
54177,5,3
54189,1,0
54201,3,0
54213,1,0
54225,2,0
54237,0,0
54249,5,1
54261,3,1
54273,9,2
54285,14,5
54297,3,0
54309,3,0
54321,3,1
54333,0,0
54345,2,0
54357,1,0
54369,4,3
54376,2,0
54388,1,0
54400,3,1
54412,8,3
54424,10,2
54436,4,0
54448,2,1
54460,7,1
54472,7,4
54484,7,2
54496,4,0
54508,6,2
54520,13,7
54532,2,0
54544,9,4
54556,3,0
54568,7,1
54580,3,0
54592,10,2
54604,12,6
54616,1,0
54628,6,1
54640,2,0
54652,10,2
54664,4,1
54676,9,2
54688,3,2
54700,6,1
54712,4,1
54724,13,3
54736,5,3
54748,3,1
54760,0,0
54772,1,0
54784,9,5
54796,15,3
54808,5,2
54820,7,1
54832,3,0
54843,4,2
54855,6,2
54867,0,0
54878,5,1
54890,8,4
54902,6,2
54914,6,1
54926,7,2
54934,3,0
54946,0,0
54958,7,0
54970,10,3
54982,0,0
54994,0,0
55006,2,1
55018,3,2
55030,1,0
55042,7,3
55054,6,2
55066,8,4
55078,3,2
55090,7,3
55102,8,3
55114,3,0
55126,3,1
55138,4,1
55150,15,5
55162,1,0
55174,9,4
55181,7,2
55193,2,1
55205,4,2
55217,5,1
55229,6,4
55241,5,0
55253,0,0
55265,5,3
55277,1,1
55289,2,0
55301,4,0
55313,9,3
55325,11,1
55337,0,0
55349,10,3
55361,8,2
55373,8,6
55385,1,0
55392,7,1
55398,2,0
55410,2,0
55422,7,1
55434,4,2
55446,0,0
55458,2,1
55470,10,3
55482,4,2
55494,10,4
55506,5,2
55518,0,0
55530,4,1
55542,7,1
55554,4,2
55566,1,1
55578,2,0
55590,6,1
55602,0,0
55610,3,1
55622,3,1
55634,5,0
55646,7,2
55658,0,0
55670,1,0
55682,8,3
55694,6,1
55706,8,2
55718,8,1
55730,5,1
55742,11,0
55754,7,1
55766,0,0
55778,1,0
55787,3,1
55799,2,0
55811,1,1
55823,1,0
55835,6,1
55847,0,0
55859,4,1
55871,5,1
55883,6,2
55895,2,0
55907,5,2
55919,8,2
55931,0,0
55943,0,0
55955,2,0
55967,0,0
55979,8,2
55991,3,1
56003,10,2
56015,3,1
56027,8,2
56039,5,2
56051,9,3
56063,6,3
56075,6,3
56087,6,2
56099,6,3
56111,7,2
56123,7,1
56135,7,2
56147,14,5
56159,10,3
56171,7,1
56183,0,0
56195,2,1
56203,0,0
56215,9,5
56227,2,1
56239,5,1
56250,2,1
56262,9,2
56274,2,2
56286,2,1
56298,0,0
56310,3,0
56322,15,5
56334,1,0
56346,7,0
56358,6,3
56370,6,1
56382,1,0
56394,8,4
56406,5,1
56418,4,2
56430,9,4
56442,2,0
56454,2,1
56466,2,1
56478,8,1
56490,4,0
56502,0,0
56510,12,3
56522,2,1
56527,3,1
56539,7,3
56551,1,0
56563,6,0
56572,0,0
56584,2,0
56596,7,2
56608,2,0
56618,5,0
56624,10,4
56636,4,3
56648,6,1
56660,8,2
56672,5,4
56684,2,1
56696,5,0
56708,1,0
56720,10,7
56732,7,3
56744,2,0
56756,6,4
56768,6,2
56780,11,1
56792,8,0
56804,4,1
56816,1,1
56828,3,1
56840,6,3
56852,5,1
56864,3,1
56876,6,2
56888,4,2
56900,10,2
56912,7,1
56924,4,0
56936,7,0
56948,4,1
56960,6,1
56972,3,2
56984,3,1
56996,4,1
57008,10,4
57020,4,2
57032,3,0
57044,6,3
57056,5,2
57068,5,3
57080,1,1
57092,7,1
57104,2,2
57116,7,2
57128,6,1
57140,1,0
57152,4,2
57164,2,0
57176,8,2
57188,1,0
57200,1,0
57212,10,5
57224,2,1
57236,0,0
57248,4,1
57260,0,0
57272,3,1
57284,1,0
57296,8,2
57308,7,1
57320,12,2
57332,9,3
57344,5,1
57356,6,1
57368,1,0
57380,8,3
57392,6,1
57404,8,1
57416,0,0
57428,9,0
57440,5,0
57452,0,0
57459,7,2
57471,7,1
57483,4,1
57495,7,3
57507,1,1
57519,4,3
57531,3,1
57543,5,0
57555,6,1
57567,6,4
57576,9,3
57588,6,4
57600,7,2
57612,5,2
57624,5,3
57636,7,2
57648,5,1
57660,2,1
57672,6,2
57684,3,1
57696,5,3
57708,4,3
57720,6,2
57732,11,4
57744,1,0
57756,11,5
57765,5,2
57777,5,1
57789,8,3
57801,4,0
57813,1,0
57825,6,2
57833,2,0
57845,2,0
57857,6,1
57869,7,1
57880,6,2
57892,9,1
57902,0,0
57914,3,1
57926,4,0
57938,2,1
57944,1,0
57956,4,1
57968,7,2
57980,8,5
57992,1,0
58004,4,2
58016,4,2
58028,6,2
58040,0,0
58052,2,2
58064,7,1
58075,4,2
58087,2,0
58096,1,1
58108,1,0
58120,7,3
58132,3,1
58144,1,0
58156,2,1
58163,6,1
58175,12,5
58187,7,1
58198,2,1
58210,7,3
58222,3,1
58234,2,0
58246,9,3
58258,14,2
58268,7,2
58275,10,1
58284,10,3
58296,3,2
58308,5,2
58320,5,0
58332,5,1
58344,3,1
58356,3,1
58368,8,4
58380,3,1
58392,1,1
58404,3,0
58416,3,1
58428,2,0
58440,1,0
58452,9,3
58464,2,1
58476,3,1
58488,1,0
58500,9,0
58512,3,1
58524,9,0
58536,5,3
58548,5,2
58558,6,2
58570,0,0
58582,7,2
58594,1,0
58606,4,3
58618,3,1
58630,4,3
58642,2,0
58654,8,3
58666,1,0
58678,3,2
58690,4,1
58702,7,2
58713,5,2
58725,10,4
58737,0,0
58749,2,0
58761,2,0
58773,0,0
58785,12,6
58797,8,1
58809,3,0
58820,3,0
58831,10,4
58843,4,0
58855,9,3
58867,1,0
58879,3,2
58891,3,0
58903,8,4
58915,1,0
58927,7,1
58939,1,0
58951,8,2
58963,11,3
58968,6,2
58980,15,7
58992,6,3
59004,4,0
59016,8,6
59028,3,0
59037,4,1
59049,7,2
59061,9,5
59073,1,0
59085,1,0
59097,13,2
59109,8,3
59120,0,0
59132,5,2
59141,1,0
59150,3,1
59162,2,1
59174,3,1
59186,3,1
59198,1,0
59205,3,0
59217,5,0
59229,3,2
59241,5,1
59253,3,1
59265,2,2
59277,1,0
59289,2,0
59301,9,3
59313,8,3
59325,3,1
59337,1,0
59347,6,2
59358,7,2
59370,5,0
59382,6,2
59394,2,1
59406,0,0
59418,4,2
59430,9,2
59442,14,3
59454,0,0
59466,4,0
59478,1,1
59490,13,4
59502,4,0
59514,4,2
59526,9,3
59531,6,1
59543,11,2
59555,9,2
59567,2,0
59578,4,2
59590,8,3
59602,3,2
59614,3,0
59626,1,0
59638,7,3
59650,6,2
59662,10,1
59674,3,3
59679,5,1
59691,8,0
59703,5,1
59715,4,0
59727,2,1
59735,2,0
59747,3,1
59759,2,1
59767,4,1
59775,8,3
59787,3,1
59799,7,1
59808,4,2
59820,1,1
59832,3,1
59844,3,1
59856,3,1
59868,5,3
59878,2,1
59889,2,2
59901,8,4
59913,4,1
59925,2,1
59937,9,4
59948,4,3
59956,1,0
59968,8,2
59980,9,3
59992,7,2
60004,0,0
60016,5,1
60028,8,2
60040,3,1
60052,3,2
60064,2,1
60076,1,0
60088,7,2
60097,2,1
60106,2,0
60118,9,5
60125,7,2
60137,6,1
60149,3,0
60161,8,1
60173,0,0
60185,7,5
60190,9,2
60202,1,0
60214,3,1
60223,12,2
60235,7,3
60247,5,0
60258,4,1
60270,3,0
60278,6,4
60285,6,3
60297,7,2
60309,3,2
60320,5,0
60330,1,1
60341,2,0
60353,1,0
60361,6,2
60373,2,0
60382,6,3
60394,4,1
60405,6,0
60417,11,2
60423,2,0
60429,3,0
60441,13,3
60453,6,1
60465,1,1
60476,3,1
60488,5,1
60500,8,0
60507,4,2
60519,6,3
60531,2,0
60543,0,0
60555,1,0
60567,3,1
60579,16,6
60586,7,1
60593,7,1
60600,1,0
60608,7,3
60616,3,0
60628,4,0
60636,2,1
60648,1,0
60656,5,0
60668,8,0
60677,9,4
60689,4,3
60701,4,1
60713,4,1
60725,5,2
60737,7,2
60749,4,1
60761,10,0
60773,6,1
60781,8,4
60791,6,2
60801,8,2
60813,9,3
60824,0,0
60836,7,3
60846,3,1
60858,4,1
60870,7,3
60879,5,1
60888,5,2
60894,3,1
60906,3,0
60918,1,0
60925,8,2
60937,9,1
60945,4,1
60956,2,1
60968,3,1
60975,6,2
60987,3,1
60999,1,0
61011,9,3
61022,2,1
61034,2,0
61040,0,0
61047,4,2
61057,1,0
61062,5,1
61074,5,2
61079,4,1
61085,8,1
61097,5,2
61102,1,0
61108,1,0
61113,5,1
61123,7,1
61133,12,1
61144,8,3
61155,8,3
61165,7,3
61176,3,0
61187,1,0
61196,4,0
61202,3,1
61213,1,0
61222,0,0
61227,7,0
61237,6,1
61242,2,0
61252,2,1
61264,10,2
61276,4,1
61288,2,2
61299,4,0
61311,4,2
61323,6,0
61335,5,3
61347,6,1
61359,5,1
61371,7,3
61383,0,0
61395,4,1
61407,2,1
61419,9,3
61429,1,0
61441,6,3
61450,8,0
61462,3,1
61474,5,1
61486,4,2
61496,6,2
61505,8,4
61514,3,1
61521,1,1
61533,7,4
61545,4,1
61557,6,2
61569,10,5
61581,2,1
61593,5,1
61598,4,4
61610,1,0
61622,3,1
61634,7,2
61646,8,4
61655,6,0
61660,0,0
61666,7,4
61678,0,0
61690,7,2
61698,6,2
61703,5,1
61713,7,1
61724,6,3
61735,4,0
61742,2,0
61754,10,3
61764,5,1
61774,7,2
61784,2,0
61796,6,2
61806,2,0
61815,5,1
61822,4,1
61833,7,2
61844,7,3
61852,6,1
61860,5,0
61865,4,1
61872,3,1
61882,3,1
61892,8,4
61899,5,1
61904,2,1
61914,5,0
61924,7,2
61930,0,0
61938,4,1
61944,8,2
61951,4,1
61955,4,2
61962,4,2
61973,2,1
61984,5,2
61995,9,2
62006,9,3
62012,3,1
62023,5,1
62033,7,2
62043,4,1
62047,0,0
62056,1,0
62065,4,1
62074,1,0
62083,5,1
62093,6,2
62099,13,5
62107,5,1
62113,1,0
62121,7,2
62129,7,1
62134,6,2
62142,3,0
62149,10,3
62159,1,0
62169,7,1
62179,4,4
62185,8,3
62191,10,0
62197,6,2
62203,3,2
62209,4,3
62216,7,0
62222,2,1
62229,1,0
62234,10,2
62239,3,1
62246,7,3
62250,5,1
62260,2,0
62268,7,1
62275,3,1
62285,4,2
62294,6,2
62300,3,3
62306,4,1
62314,5,2
62323,9,5
62330,4,0
62337,0,0
62347,6,3
62355,7,3
62362,1,0
62369,0,0
62374,1,0
62381,8,3
62386,2,1
62391,3,1
62397,5,2
62403,7,1
62407,9,4
62411,3,2
62417,3,1
