,домохозяйств,пятерочки
12,4152,1
48,6194,3
144,6598,3
168,5731,1
216,6798,1
324,7761,3
348,7710,2
372,5997,1
396,6253,1
420,6911,2
444,8507,3
492,7827,5
540,7542,6
576,6551,2
624,5771,1
648,4017,0
696,3079,1
720,5619,3
744,8280,4
876,5259,2
888,3450,1
1020,7730,2
1032,5996,1
1068,7808,5
1116,6847,2
1212,9280,2
1248,3574,1
1272,4990,3
1296,8868,3
1332,8875,3
1344,7679,3
1356,5553,0
1368,4786,3
1428,5552,3
1608,5096,1
1620,6460,4
1656,6238,1
1764,5048,4
1812,7456,1
1824,5173,2
1896,8364,1
1944,8406,4
1956,10325,3
1968,6454,3
1980,7146,0
2136,2877,0
2160,7506,0
2196,7120,0
2220,5581,3
2232,3996,0
2244,3121,2
2520,2095,1
2556,7162,1
2592,5405,2
2616,6501,1
2628,5054,1
2700,9475,4
2712,3846,0
2844,3348,0
2904,3812,0
2928,1882,0
2940,10596,3
2952,5531,4
2964,6159,4
3204,5243,0
3264,11222,5
3300,2523,1
3396,5336,1
3408,1398,0
3456,7287,1
3468,6166,4
3480,6033,3
3492,8130,6
3540,6889,2
3588,5848,0
3612,3914,0
3768,5841,3
4080,2792,1
4104,3846,1
4152,4744,3
4200,8869,1
4212,9058,0
4236,5979,3
4272,4691,2
4356,4232,1
4368,576,1
4416,3698,2
4452,9539,3
4488,7481,1
4524,6893,4
4596,2664,2
4632,8253,0
4668,8715,2
4680,4250,0
4692,5560,0
4728,10724,5
4824,4033,2
4860,6195,4
4896,4904,3
5016,3453,0
5028,2739,0
5064,4264,1
5076,4505,1
5088,5480,1
5100,6000,0
5112,399,1
5124,9218,2
5148,6258,3
5220,3571,0
5268,2252,0
5400,3465,1
5424,6476,0
5436,9188,2
5448,10694,1
5460,9519,2
5520,7490,4
5532,6730,3
5544,6675,3
5568,7281,4
5580,6571,3
5604,7450,0
5640,622,0
5724,8563,4
5772,1424,1
5808,5105,1
6036,4928,1
6084,7892,2
6096,4956,2
6132,1397,0
6168,7394,1
6192,4821,2
6228,6975,2
6264,9645,2
6288,6714,3
6360,4872,1
6396,4251,0
6408,187,1
6492,8588,1
6516,4122,2
6528,7217,3
6564,6666,3
6660,7633,3
6708,5956,2
6744,2188,0
6816,8690,4
7008,5974,0
7020,7497,4
7044,6766,5
7092,5153,1
7116,5511,1
7128,7965,0
7176,7662,0
7248,10936,3
7368,6286,6
7404,7179,3
7452,3685,1
7596,6498,4
7716,3835,2
7728,8071,1
7752,861,0
7812,6970,3
7824,5003,0
7872,5948,0
7884,2883,0
7956,4323,2
7980,7835,3
7992,7728,2
8160,5402,2
8244,4466,2
8292,2430,1
8376,8709,4
8460,7176,3
8472,1473,1
8520,7293,0
8604,5459,1
8616,2642,1
8628,8990,2
8640,8720,2
8700,6777,1
8782,10414,1
8794,4524,2
8830,5784,3
8962,9573,2
8986,9162,2
9094,7784,1
9142,9431,2
9166,3482,1
9214,7941,4
9226,8384,2
9238,3039,0
9250,333,0
9262,7854,1
9298,5743,1
9358,4765,4
9526,6392,2
9574,9732,0
9658,7614,1
9694,7026,1
9790,10095,1
9874,9105,0
9910,10138,3
9970,4943,0
9982,11489,4
10066,8140,2
10138,5209,2
10162,8062,7
10174,5578,2
10222,10582,1
10414,8729,2
10558,8215,4
10618,6192,2
10642,12619,2
10666,6529,2
10714,5557,0
10726,5054,1
10738,3537,0
10798,4662,0
10930,4017,2
10942,9935,1
11042,8574,7
11150,3803,0
11222,4332,0
11258,3359,0
11318,7607,0
11354,7693,2
11390,10180,2
11402,3045,1
12208,4913,1
12264,4425,2
12440,7248,2
12464,5543,0
12476,410,0
12500,4445,2
13844,9150,3
13856,7723,0
13868,4213,0
13880,7912,0
13892,9371,2
13904,12068,4
14024,3866,0
14036,1535,1
14048,1014,1
14060,862,1
14072,1137,1
15152,1934,1
15164,6283,0
15176,10614,2
15716,4645,0
15728,5037,0
15740,3326,2
15752,3892,2
15860,5822,1
15872,5009,2
15884,5080,0
15896,6890,0
15908,5747,2
15920,2488,0
15932,10603,2
15944,7673,2
15956,10426,3
15968,9757,4
15980,9546,4
15992,10749,3
16004,7149,3
16016,8843,2
16028,8679,0
16040,7246,3
16052,5749,3
16064,1958,1
16076,8523,3
16088,2403,0
16100,2382,0
16112,5856,0
16124,5770,2
16136,7281,3
16148,6943,1
16160,5428,2
16172,8124,2
16184,6769,2
16196,3042,1
16208,7110,3
16220,3688,1
16232,8435,2
16244,7346,2
16256,9124,2
16268,7394,0
16280,6497,1
16292,6217,2
16304,6275,0
16316,8446,2
16328,8135,3
16340,7650,1
16352,7710,2
16364,7715,0
16376,10167,0
16388,5126,0
16400,6561,2
16412,10676,1
16424,9406,3
16436,6830,1
16448,6473,0
16460,3184,0
16472,8156,0
16484,9810,2
16496,5870,1
16508,5034,1
16520,2667,1
16532,6626,3
16544,7178,2
16556,8407,3
16568,5737,1
16580,5326,0
16592,7756,1
16604,5030,1
16616,8972,2
16628,8854,1
16640,9710,2
16652,7413,1
16664,9479,1
16676,10653,2
16688,6263,0
16700,5454,2
16712,8369,2
16724,7274,0
16736,6919,2
16748,3817,1
16760,6284,1
16772,7072,0
16784,5327,0
16796,8009,0
16808,8880,1
16820,8363,2
16832,7050,3
16844,5996,2
16856,9128,3
16868,7171,1
16880,7881,3
16892,10119,2
16904,5626,2
16916,4329,0
16928,4955,1
16940,9929,1
16952,6586,1
16964,8412,2
16976,9950,3
16988,3075,1
17000,7806,2
17012,7512,2
17024,5481,1
17036,8702,1
17048,3988,1
17060,8360,1
17072,11988,2
17084,9035,1
17096,6754,1
17108,7710,2
17120,8888,1
17132,8257,1
17144,6770,2
17156,5883,1
17168,10067,3
17180,5620,1
17192,4635,1
17204,10500,2
17216,5912,4
17228,7281,0
17240,8134,3
17252,8198,1
17264,5612,0
17276,7335,0
17288,4514,1
17300,5987,2
17312,7750,0
17324,7239,3
17336,7370,3
17348,9657,3
17360,6577,2
17372,6335,1
17384,7854,1
17396,4161,0
17408,5939,0
17420,2408,0
17432,3119,0
17444,2260,0
17456,6254,3
17468,4980,1
17480,9709,1
17492,9259,0
17504,4103,1
17516,5406,0
17528,4632,0
17540,5751,1
17552,6284,1
17564,8778,1
17576,3736,1
17588,3230,1
17600,6563,2
17612,7903,1
17624,7056,1
17636,10654,2
17648,7427,1
17660,5290,1
17672,7924,1
17684,4759,1
17696,8724,3
17708,7268,2
17720,6066,1
17732,6451,2
17744,8877,2
17756,7655,2
17768,4338,1
17780,3524,0
17792,4198,1
17804,7010,0
17816,4323,0
17828,5841,2
17840,8313,3
17852,7861,1
17864,7941,2
17876,5655,2
17888,6307,1
17900,6818,2
17912,5316,2
17924,5762,0
17936,7581,1
17948,7591,2
17960,6924,0
17972,7895,0
17984,9499,1
17996,7151,1
18008,7382,2
18020,8613,1
18032,5464,1
18044,8623,0
18056,7394,3
18068,6268,1
18080,9509,1
18092,6553,0
18104,7790,3
18116,9237,3
18128,2645,0
18140,5265,1
18152,9410,2
18164,6312,2
18176,11293,2
18188,7447,2
18200,4313,0
18212,3998,1
18224,8129,2
18236,2701,1
18248,7346,3
18260,7404,0
18272,6051,3
18284,3806,3
19520,2476,1
19532,2145,1
19940,6220,3
20216,3786,1
20228,3063,0
20240,3638,3
21620,5564,0
21632,9328,4
21644,10321,0
21656,5652,2
21668,5242,1
21680,9148,0
21692,5843,2
21704,6313,1
21716,3646,1
21728,9560,3
21740,4175,2
21752,1719,0
21764,8598,1
21776,4814,1
21788,3719,2
21800,8903,4
21812,6478,5
21824,6814,2
21836,4632,1
21848,8564,1
21860,8392,2
21872,8035,2
21884,7803,4
21896,7533,1
21908,8043,1
21920,5697,2
21932,5577,2
21944,7347,4
21956,4460,2
21968,7625,3
21980,3971,1
21992,5158,1
22004,10556,3
22016,6547,2
22028,5381,1
22040,8656,2
22052,10467,2
22064,5366,2
22076,8002,1
22088,7280,1
22100,6561,2
22112,9603,4
22124,5638,1
22136,7283,2
22148,10178,2
22160,9005,2
22172,8351,4
22184,7372,3
22196,7936,1
22208,8389,2
22220,8513,4
22232,8677,0
22244,9036,1
22256,6393,0
22268,7750,0
22280,8502,4
22292,8327,3
22304,7630,0
22316,9142,4
22328,9995,6
22340,7376,3
22352,4993,2
22364,4895,3
22376,7086,3
22388,9466,4
22400,7430,1
22412,4505,0
22424,8783,2
22436,4682,2
22448,5608,2
22460,9005,4
22472,8969,7
22484,7843,2
22496,8288,4
22508,8125,1
22520,8680,3
22532,3070,0
22544,8283,2
22556,4113,0
22568,9396,2
22580,10076,3
22592,10342,2
22604,7353,2
22616,7844,3
22628,8884,2
22640,9735,3
22652,6312,2
22664,8548,0
22676,5882,2
22688,4947,1
22700,8313,4
22712,8401,3
22724,4737,0
22736,5376,1
22748,4940,3
22760,5626,3
22772,9010,3
22784,4971,1
22796,6125,1
22808,11817,1
22820,4546,0
22832,8364,3
22844,8743,2
22856,3690,0
22868,10107,5
22880,9103,0
22892,5484,1
22904,9386,5
22916,8200,0
22928,7253,4
22940,5724,3
22952,7129,3
22964,5548,1
22976,5090,4
22988,6143,3
23000,6882,5
23012,8034,1
23024,5855,3
23036,8763,0
23048,6613,4
23060,6651,4
23072,8300,5
23084,8445,3
23096,7868,3
23108,3780,1
23120,3550,1
23132,9260,1
23144,5397,2
23156,3271,1
23168,4999,1
23180,5264,2
23192,4964,1
23204,9213,3
23216,7189,3
23228,4457,2
23240,8631,3
23252,3107,0
23264,7052,1
23276,11465,1
23288,9259,0
23300,5744,3
23312,10689,1
23324,8955,3
23336,10513,2
23348,6095,0
23360,3227,1
23372,8779,4
23384,10457,0
23396,8052,1
23408,5916,3
23420,8805,1
23432,10682,2
23444,6942,0
23456,8823,1
23468,5203,1
23480,5809,0
23492,8406,1
23504,10026,0
23516,7552,2
23528,8248,1
23540,9848,0
23552,6570,0
23564,5731,1
23576,3825,0
23588,3418,0
23600,8808,1
23612,6604,0
23624,7863,0
23636,8550,1
23648,9292,2
23660,11183,2
23672,7008,2
23684,5759,0
23696,6715,2
23708,4663,0
23720,9360,0
23732,655,0
23744,7390,1
23756,3520,0
23768,5469,0
23780,5868,0
23792,9261,0
23804,4992,0
23816,11588,1
23828,6595,1
23840,4007,1
23852,7650,1
23860,4354,2
23872,9455,1
23884,8126,1
23896,9979,0
23908,10956,3
23920,8268,4
23932,5235,4
23944,9750,1
23956,7378,1
23968,8341,0
23980,10030,2
23992,2668,1
24004,6643,2
24016,6544,1
24028,2663,1
24040,7976,2
24052,6489,4
24064,7591,0
24076,10598,0
24088,8008,0
24100,3573,1
24112,4316,1
24124,9411,2
24136,5322,0
24148,6655,2
24160,9071,1
24172,9465,3
24184,7701,2
24196,8543,3
24400,3607,2
24424,5274,2
24436,7638,0
24448,4939,1
24460,6784,0
24472,4294,1
24484,6380,2
24496,10602,2
24508,9143,1
24520,5427,1
24532,3671,1
24544,10067,0
24556,6078,0
24568,4304,1
24580,7982,1
24592,8058,2
24604,4090,2
24616,3885,1
24628,7764,0
24640,8275,2
24652,7748,2
24664,5510,1
24676,4364,1
24688,6457,2
24700,6694,3
24712,4146,2
24724,9864,3
24736,8962,2
24748,6804,0
24760,2249,0
24772,8576,3
24784,6359,2
24796,5744,0
24808,6701,1
24820,9100,3
24832,8830,4
24844,6238,0
24856,3831,0
24868,5136,0
24880,6301,1
24892,4702,1
24904,6317,1
24916,6185,1
24928,6211,2
24940,8585,1
24952,7036,1
24964,8425,1
24976,7607,1
24988,4722,0
25000,9193,2
25012,2946,2
25024,6903,2
25036,7576,2
25048,5928,0
25060,3706,1
25072,5284,1
25084,3576,1
25096,6010,2
25108,5184,3
25120,5005,1
25132,8460,3
25144,5752,2
25156,2917,1
25168,1862,0
25180,5171,2
25192,7932,3
25204,7807,3
25216,6153,0
25228,7280,2
25240,3836,2
25252,7505,2
25264,3702,1
25276,8106,4
25288,4499,0
25300,9650,2
25312,10052,2
25324,8924,3
25336,8010,0
25348,6405,3
25360,6583,0
25372,6904,2
25384,6393,2
25396,10893,2
25408,3693,1
25420,6745,2
25432,8267,0
25444,10814,0
25456,5243,2
25468,1673,0
25480,6305,0
25492,6733,1
25504,6405,1
25516,7026,0
25528,7440,1
25540,7991,2
25552,8908,3
25564,8736,1
25576,5904,0
25588,6534,1
25600,7297,3
25612,5472,1
25624,5665,0
25636,4526,2
25648,5433,3
25660,4959,1
25672,3397,0
25684,11869,1
25696,4091,0
25708,4871,2
25720,3013,0
25732,7561,1
25744,4521,0
25756,7893,0
25768,6903,1
25780,4172,1
25792,8492,3
25804,291,0
25816,8287,1
25828,5883,0
25840,8731,2
25852,5871,2
25864,7184,1
25876,8363,2
25888,8516,2
25900,7763,2
25912,4957,2
25924,6187,0
25936,5991,1
25948,6377,2
25960,8450,1
25972,11769,2
25984,7341,1
25996,4746,0
26008,6478,1
26020,10487,1
26032,5339,0
26044,7934,2
26056,7128,2
26068,7166,2
26080,12727,0
26092,9177,2
26104,6853,0
26116,11276,1
26128,7814,0
26140,8073,2
26152,5735,1
26164,10458,1
26176,8683,1
26188,7080,1
26200,9769,2
26212,6584,2
26224,3788,0
26236,10099,2
26248,11153,2
26260,10463,1
26272,6950,3
26284,5217,2
26296,9306,2
26308,8573,0
26320,6639,1
26332,7435,1
26344,8237,2
26356,4235,1
26368,8455,4
26380,5898,2
26392,5344,0
26404,4556,2
26416,8192,1
26428,4631,0
26440,4180,1
26452,6217,0
26464,10232,0
26476,3941,1
26488,3752,0
26500,6406,1
26512,9706,0
26524,1281,0
26536,6152,0
26548,2643,0
26560,7699,2
26572,3450,1
26584,7195,0
26596,9158,1
26608,6769,0
26620,7006,2
26632,4954,1
26644,6871,2
26656,1998,0
26668,3265,0
26680,3808,2
26692,7256,1
26704,4192,0
26716,5047,0
26728,12297,3
26740,8714,1
26752,9043,0
26764,5110,1
26776,5976,1
26788,5861,0
26800,5041,0
26812,7547,0
26824,1523,0
26836,6147,0
26848,9388,1
26860,10977,2
26872,6748,0
26884,8919,1
26896,2106,2
26908,7535,0
26920,7747,1
26932,7376,2
26944,2490,0
26956,8874,2
26968,9189,4
26980,5744,0
26992,9342,3
27004,4627,0
27016,5839,0
27028,6547,0
27040,6746,0
27052,3322,0
27064,3421,1
27076,997,0
27088,5971,0
27100,7893,0
27112,8987,0
27124,10376,4
27136,9344,1
27148,10010,1
27160,5699,0
27172,5597,1
27184,11055,4
27196,8764,1
27208,5258,0
27220,7210,2
27232,3204,1
27244,8086,1
27256,7142,2
27268,5307,1
27280,5441,1
27292,2614,1
27304,2097,0
27340,7701,2
27388,5263,1
27448,5660,3
27472,5122,1
27508,6269,1
27544,7038,1
27616,4942,1
27652,8553,5
27940,6413,1
27952,7819,2
27964,6274,3
27976,1947,0
28000,7729,6
28012,7568,3
28024,2719,0
28048,10226,3
28072,2994,1
28096,3488,1
28144,4550,1
28228,4033,1
28240,4682,3
28252,3632,0
28264,5738,2
28276,2872,1
28288,7612,2
28300,5027,1
28312,5084,1
28324,5790,1
28336,789,0
28348,6499,1
28360,8088,2
28372,2265,0
28384,5501,1
28408,8731,4
28420,3645,2
28432,6464,2
28444,4817,3
28504,3575,0
28516,6994,0
28528,5544,1
28576,7813,1
28600,8018,1
28612,5487,3
28660,4783,0
28684,6311,2
28696,5355,2
28756,4450,1
28768,3083,2
28792,2168,1
28804,3830,0
28816,5436,1
28852,7748,1
28864,7176,4
28876,7811,4
28900,3220,2
28924,4417,2
28936,7947,0
28948,4203,1
28960,7707,3
28972,4910,0
29008,6779,4
29068,7738,0
29080,2562,1
29092,3548,0
29104,3284,2
29128,7562,6
29140,6754,2
29176,3957,2
29188,10710,4
29200,6792,1
29296,7236,4
29344,7895,4
29356,6839,1
29392,1764,0
29428,3970,1
29440,7841,1
29452,7728,0
29464,3123,0
29752,5247,1
29764,7948,3
29776,7589,4
29788,6448,1
29800,3896,1
29812,3797,1
29824,6782,2
29836,1678,1
29848,8052,1
29860,7708,2
29872,5377,0
29908,6060,1
29920,6121,3
29968,6461,2
29980,5561,2
29992,9728,3
30004,5292,1
30016,5401,5
30028,4589,3
30040,9731,3
30052,5472,2
30064,7643,3
30076,7847,2
30088,9300,4
30124,7413,2
30280,7595,2
30304,7529,2
30316,6544,2
30340,4000,1
30376,9036,1
30412,3933,0
30448,4744,1
30544,6869,2
30640,8488,2
30652,4414,1
30676,6547,2
30688,3844,2
30700,5574,3
30724,8198,1
30736,4770,2
30760,4539,1
30892,5497,1
30904,11379,2
30940,6465,1
30952,4886,1
30964,7455,3
30976,6945,2
30988,6962,4
31000,4985,1
31012,7779,0
31024,8942,1
31036,7489,2
31048,8945,3
31060,4721,0
31072,7356,2
31084,5442,3
31096,5273,1
31120,7294,4
31132,8087,5
31144,5567,0
31156,7968,2
31204,6989,1
31228,4908,1
31240,7516,2
31252,6753,2
31264,4633,2
31276,7195,4
31300,5257,1
31312,5138,1
31348,11899,6
31408,5962,2
31456,5609,3
31468,9837,5
31480,9747,2
31492,5775,2
31504,7459,2
31528,947,0
31540,7761,4
31600,8312,3
31708,11827,5
31720,4906,1
31732,7001,3
31744,5502,3
31768,4806,1
31816,6802,4
31828,6995,2
31840,4843,1
31852,5561,2
31876,4183,1
31888,7083,5
31900,13274,3
31924,7631,1
31936,4263,3
31972,4808,2
31996,8456,2
32008,5853,2
32032,4056,2
32068,5622,4
32080,5236,2
32116,7546,2
32128,6835,3
32140,8109,5
32152,7776,4
32164,12245,5
32176,5297,4
32188,6441,4
32212,6076,0
32224,7381,4
32236,5911,3
32248,5740,4
32308,9868,1
32320,7836,2
32332,4246,0
32368,9220,4
32380,7785,5
32416,9068,4
32452,6294,2
32464,5938,0
32476,5561,0
32500,8667,2
32572,2719,1
32584,8565,0
32596,7097,3
32632,7561,5
32644,4517,1
32668,8156,3
32680,5222,1
32692,5034,7
32704,7972,5
32764,8881,3
32776,3378,1
32788,8296,1
32800,6697,1
32824,8294,4
32956,3269,1
32968,7935,1
33136,5610,2
33208,9420,7
33232,8137,2
33268,5719,2
33328,4320,1
33424,3697,0
33460,11640,2
33628,5928,1
34576,7277,1
34600,5141,3
34708,6487,3
34888,7859,1
34900,1557,1
34972,10171,5
34984,7795,2
34996,5111,1
35056,6193,1
35068,3150,3
35080,8680,5
35092,5698,3
35104,8248,2
35140,4168,0
35260,9188,3
35284,7494,2
35572,10484,6
35596,4519,2
36086,1845,1
36122,8395,2
36266,6924,2
36290,7326,3
36458,5812,2
36494,4320,3
36518,8592,1
36626,2129,0
36674,7724,2
36722,13213,3
36794,4857,1
36818,4772,3
36830,5285,3
36878,6773,1
36938,2670,1
37010,2613,0
37022,4199,2
37178,5387,1
37214,5820,1
37334,3289,0
37346,7338,3
37358,3576,2
37382,14855,4
37418,3985,3
37430,6069,2
37442,5902,3
37478,8638,3
37526,6195,4
37574,7270,5
37586,5172,1
37598,5583,2
37622,6423,1
37634,8972,4
37718,9543,1
37766,9461,6
37862,7784,2
37910,3871,4
37934,6681,2
37958,7216,6
37994,4035,1
38006,7416,2
38042,11004,3
38066,9639,3
38078,5904,1
38090,7541,4
38126,8831,4
38162,8582,3
38174,3191,1
38186,7396,1
38210,5386,2
38222,10802,4
38234,5985,3
38354,1455,0
38366,4382,2
38414,7870,4
38450,11239,4
38714,8870,4
38726,7334,3
38750,8595,4
38858,8761,4
38978,6062,1
39062,5610,2
39074,3531,0
39182,7140,5
39218,8865,3
39230,3679,0
39242,6702,6
39314,7433,3
39362,6943,2
39386,3971,3
39542,6681,4
39590,2561,0
39626,4684,2
39686,6696,2
39794,5874,1
39974,6639,4
40022,6811,2
40034,8456,3
40118,7287,3
40142,6644,4
40166,4569,2
40214,4270,2
40238,5545,4
40262,6147,1
40310,5102,2
40322,6611,4
40382,942,0
40406,8893,2
40430,7593,4
40538,3250,0
40550,8126,6
40586,5262,2
40742,5122,2
40838,8800,2
40922,1750,1
40958,6836,3
41090,8145,1
41242,8976,4
41542,324,0
41602,6034,2
41710,3725,1
41746,5740,1
41782,2628,1
41866,3027,1
41902,3874,0
42118,7758,3
42154,373,0
42166,3283,0
42214,1726,0
42286,2985,0
42358,6102,3
42430,5565,3
42502,7657,5
42622,4315,2
42706,8327,4
42718,5438,3
42826,11658,4
42838,6745,1
42862,3585,0
42874,6619,0
42970,5572,2
42982,2486,0
43234,2441,0
43426,2883,0
43474,4158,3
43978,7617,3
43990,7002,1
44038,6513,3
44134,5131,2
44170,3507,0
44362,5170,1
44458,980,1
44482,6853,3
44494,5803,4
44578,4767,1
44590,7160,2
44686,679,0
44734,3503,0
45034,7480,3
45142,3488,1
45334,2384,1
45358,3185,1
45406,3104,1
45454,3309,1
45490,3058,1
45526,8446,5
45598,3634,1
45622,6251,1
45754,182,0
45934,402,0
45946,3306,2
45970,3887,0
46090,8898,1
46306,7454,4
46534,4546,1
46558,5023,2
46642,8218,5
46774,3943,2
46906,2805,0
46918,2702,1
46966,12408,4
46978,3393,1
46990,5534,0
47002,10591,0
47182,4597,2
47218,10307,3
47314,3371,0
47326,7928,0
47566,4667,2
47914,3635,1
47974,972,1
47986,5366,3
48022,12490,4
48034,6894,4
48046,7797,3
48058,6842,2
48994,6985,0
49006,4536,3
49030,8332,6
49282,3400,2
49294,6899,4
49822,4680,1
49858,5264,3
49870,8869,4
49882,4609,1
49894,4349,1
50122,1429,1
50146,3518,3
50194,4278,2
50206,6594,2
50218,4059,1
50230,5538,3
50254,106,0
50266,4186,2
50470,8051,2
50482,2824,1
50518,4409,0
50554,4534,2
50578,7377,1
50734,5140,2
52138,8988,5
52150,4601,1
52162,7090,2
52174,5503,1
52185,4435,2
55457,6458,1
55505,5408,2
55945,7713,0
56113,7264,5
56161,6608,1
56281,9338,2
56305,8291,0
56317,9472,1
56329,7144,2
56341,2363,2
56377,3732,0
56389,3759,1
56401,4550,1
56461,9646,2
56497,6517,3
56509,7421,4
56521,4598,5
56533,4151,1
56557,8492,4
57001,6730,2
57013,7599,5
57025,5526,1
57037,4848,2
57049,8253,3
57073,7528,4
57085,3114,2
57133,3871,2
57145,5541,2
57205,10853,4
57241,525,0
57445,3094,1
57553,76,0
57601,7814,0
57625,1766,1
57745,5296,0
57805,7076,2
57841,6907,2
57985,4398,2
58081,4756,2
58105,1065,0
58117,8942,4
58129,5085,1
58141,5467,2
58285,8709,1
58585,7852,0
58597,7783,1
58609,4364,1
58731,1854,0
58743,7127,1
58851,8237,0
58863,3293,0
58875,5026,1
58887,10851,3
58995,5920,2
59139,1611,0
59175,2127,1
59187,10353,2
59211,8041,2
59235,6657,1
59247,6856,1
59259,4228,0
59271,5600,1
59283,338,1
59295,6360,0
59307,8763,2
59319,8350,0
59331,6089,2
59691,8180,1
60123,5614,2
60387,6730,3
60543,5780,1
60555,6538,0
60567,3324,0
60579,10008,1
60591,5536,1
60603,6802,1
60615,4597,0
60795,8046,1
61011,5035,1
61071,2970,0
61107,3001,0
61119,4515,4
61155,7630,5
61491,5825,1
61503,5865,3
61527,4508,2
61695,2936,1
61743,6836,4
61815,8604,2
61863,7199,3
61899,3009,0
61935,6514,0
61995,4215,0
62043,3199,0
62091,11222,2
62103,3766,0
62319,5612,1
62331,2146,0
62343,6825,1
62391,3122,1
62415,8989,3
62427,2624,1
62439,1674,3
62463,6465,0
62511,4816,0
62667,2657,2
62727,4600,2
62751,7079,3
62787,2953,0
62859,1816,1
62919,1330,0
63051,5073,2
63159,150,0
63351,4454,1
63363,2692,0
63411,7214,4
63435,10778,4
63459,7069,1
63471,7029,1
63507,5144,3
63735,6837,0
63759,5324,0
63783,5765,1
63867,4148,1
63987,8095,3
64011,9294,4
64047,578,0
64059,945,0
64071,4886,0
64167,2324,0
64215,8455,3
64227,10115,4
64251,2575,2
64263,7713,3
64275,4568,1
64371,8118,6
64395,5924,2
64455,4774,2
64479,2503,2
64563,2404,2
64635,7661,2
64659,4457,2
64671,3801,1
64755,3417,0
64899,7915,0
65055,4110,1
65379,6123,3
65415,5473,1
65427,6130,0
65475,4618,1
65535,6033,1
65607,8654,4
65727,4285,1
65931,7479,1
65982,9483,1
65994,6394,3
66042,5452,2
66162,3110,1
66174,2767,0
66258,9244,2
66270,7060,1
66366,6991,0
66390,9094,4
66534,12154,3
66546,4372,1
66678,7967,1
67062,8220,4
67542,2913,0
67566,9051,1
67746,6766,2
67818,10332,1
67938,7781,4
67974,2116,1
68214,6985,0
68250,7547,1
68274,7296,2
68322,7955,7
68358,7314,2
68466,4194,1
68478,9207,2
68802,7777,1
68826,9801,1
68886,7581,2
68898,8448,2
68910,4250,0
68922,8373,4
68946,5053,1
68958,4021,2
69150,5339,0
69330,8448,2
69374,5038,2
69518,5419,3
69602,3763,1
69722,4078,1
69806,9445,1
69842,3771,1
69878,4546,1
69998,3534,2
70022,7317,2
70070,5528,1
70118,2524,0
70154,4461,2
70190,1250,0
70226,2329,1
70310,10995,5
70322,7212,4
70406,6825,3
70418,3536,1
70938,8835,3
70950,8571,3
70986,8768,1
71046,2923,0
71142,5538,3
71190,3504,1
71334,7475,1
71358,6616,1
71418,6551,0
71538,5858,3
71646,12078,1
71694,6926,2
71766,6487,2
71790,3641,1
71802,5213,3
71814,2626,1
71838,8333,3
71994,5810,3
72102,4189,2
72162,9313,2
72234,5940,2
72258,5502,1
72330,5104,1
72354,3320,1
72366,5123,2
72378,5232,3
72510,4393,0
72522,4748,2
72534,8577,2
72642,5133,1
72774,235,0
72822,5539,1
72954,2775,0
73350,1849,0
73542,5265,1
73566,5615,3
73686,5252,0
73902,4857,3
73938,7903,4
73962,3980,1
74094,5726,1
74334,8364,6
74358,5163,1
74478,3351,1
74490,5600,2
74538,4121,2
74586,4420,0
74598,11689,6
74670,5724,2
74706,8728,1
74718,6232,3
74742,7553,1
74814,5838,1
74826,4386,2
74838,7783,3
74850,4533,2
74934,3033,2
74958,9236,6
74970,5116,1
75006,5009,1
75042,2859,0
75090,7080,3
75114,5808,1
75150,6910,1
75162,1826,1
75174,617,0
75270,6624,2
75474,6009,3
75534,8868,2
75594,1922,0
75618,2345,1
75630,1665,0
75654,5590,1
75678,8141,2
75714,867,0
75774,9826,0
75786,11450,5
75798,4110,1
75858,7782,4
75930,9673,3
75954,6296,1
76074,5499,0
76110,3412,2
76158,7258,4
76206,3689,0
76302,5388,1
76314,4105,3
76530,8393,3
76566,5660,2
76614,6427,0
76626,3039,1
76710,6028,2
76734,4002,2
76746,10328,4
76770,9811,0
76876,8606,2
76936,4101,1
77020,2917,2
77128,3888,1
77140,7936,2
77152,7308,0
77164,8789,5
77260,3258,1
77500,6096,1
77512,3904,1
77584,7444,3
77644,5097,0
77740,5493,1
77752,5246,1
77764,5069,0
77812,8208,1
77824,8241,2
77884,9058,1
77896,6800,2
78076,4472,3
78196,1932,0
78208,7104,1
78232,3900,2
78268,5793,1
78280,3630,0
78292,5446,1
78304,9376,3
78448,8131,5
78712,7077,4
78724,4944,2
78748,855,0
78760,10765,4
78772,9754,1
78820,7776,1
78832,5009,1
78856,6046,3
78868,7190,1
78880,6965,1
78892,8570,1
78904,5021,1
78928,8355,0
78976,2606,1
78988,6846,1
79000,4704,2
79048,4651,2
79096,1962,0
79108,3377,2
79144,5513,1
79168,7322,3
79192,6941,3
79204,5747,0
79276,6271,2
79300,7995,0
79312,8721,2
79348,10501,4
79444,6548,2
79492,7356,7
79672,3774,2
79912,7032,0
80044,6040,0
80092,3284,1
80104,5259,2
80212,8848,1
80284,5729,3
80308,4814,3
80404,3447,1
80536,9397,3
80836,8864,6
80848,7817,2
80860,4418,1
80896,7670,2
80956,3060,1
80980,2822,0
80992,5392,2
81021,5390,1
81033,3150,0
81057,5042,0
81069,3811,1
81081,5450,1
81093,3795,0
81105,8911,0
81129,6913,2
81153,5296,1
81165,3071,2
81225,6367,2
81249,64,1
81489,1830,0
81501,1165,1
81561,3095,0
81657,5998,0
81669,11040,3
81693,4560,1
81705,5299,0
81741,3113,1
81777,7176,1
81789,3513,1
81801,4095,2
81921,11054,4
82025,10806,3
82061,9052,1
82073,4622,0
82277,10423,2
82289,7548,0
82301,5935,1
82385,5291,4
82529,6489,2
82565,8701,1
82601,3034,0
82625,10080,1
82709,6868,0
82913,5912,2
82997,7378,1
83009,11047,4
83021,6520,2
83153,10227,4
83309,4402,1
83333,4696,2
83357,12806,3
83412,5947,1
83496,4273,3
83520,8079,1
83544,4115,3
83724,7399,3
83736,5395,1
83832,10256,2
83868,174,0
83928,4534,2
83940,7264,1
83976,6756,2
84000,3695,0
84360,7789,2
84384,8736,3
84396,7661,4
84420,2419,0
84432,4625,0
84456,6210,3
84504,6227,0
84540,4267,0
84552,2172,1
84564,6126,1
84588,5322,0
84624,4800,1
84660,7037,3
84708,4545,4
84720,5628,3
84768,2833,0
84816,4850,0
84864,7539,3
84876,6548,1
84936,9495,3
84996,6950,4
85008,15,0
85032,4571,3
85044,8600,1
85104,5547,1
85224,7388,3
85236,5635,0
85308,1303,1
85416,4023,3
85536,4982,0
85572,6869,2
85620,1343,0
85680,823,1
85728,6835,3
85764,2078,0
85776,6038,1
85800,5571,3
85908,8445,1
85956,3813,0
86004,8915,5
86040,3200,2
86052,4670,2
86064,3105,0
86124,8115,0
86160,4991,0
86172,7035,3
86184,2731,1
86196,6501,0
86292,5040,0
86484,4172,2
86496,7563,5
86544,4977,1
86616,4151,1
86664,1017,0
86676,5946,2
86712,8315,3
86724,483,0
86760,10833,0
86784,3350,2
86796,5726,0
86808,8175,1
86916,9792,2
86940,4773,1
86952,3995,1
86988,3992,1
87048,5194,1
87084,3492,1
87120,6137,0
87132,5103,1
87348,6831,1
87384,7132,4
87516,719,0
87648,9888,3
87660,7012,1
87672,7639,3
87792,7064,2
87840,3887,1
87852,5945,2
87984,8959,3
88020,1930,2
88068,8027,4
88092,540,0
88116,4413,2
88152,6086,0
88284,2130,0
88403,3717,1
88499,7595,2
88619,2800,1
88667,4224,1
88679,3500,1
88691,5880,2
88715,9105,4
88727,3346,1
88811,8353,2
88895,2125,1
88991,527,0
89183,7447,1
89195,4222,1
89207,4484,3
89231,4721,0
89243,8519,0
89291,4257,1
89303,3932,2
89327,6054,2
89339,5169,1
89351,5695,0
89363,4841,0
89375,1342,0
89399,5076,0
89531,2938,1
89555,8651,2
89567,2586,2
89591,6050,1
89699,2421,1
89711,5406,2
89855,5731,2
89927,2558,1
89963,11679,3
89999,6213,0
90011,11034,3
90023,6933,0
90059,3781,1
90119,2888,0
90179,4561,1
90191,11609,2
90203,6960,3
90227,7429,4
90263,3099,0
90323,3447,0
90395,3621,0
90479,4522,0
90731,6429,1
90755,4646,0
90827,3347,1
90839,1379,1
90887,6494,1
90947,7710,4
91007,6344,4
91067,5633,0
91103,5754,1
91175,7511,0
91187,4244,1
91295,9426,1
91367,724,0
91379,5165,2
91403,17367,3
91547,6135,1
91631,5260,1
91643,2346,0
91679,5684,1
91703,546,1
91715,6097,1
91763,6855,1
91835,3686,0
91883,2530,0
91931,4737,3
91991,3470,0
92027,5570,2
92159,5538,1
92267,11212,1
92291,4161,1
92399,5959,3
92423,6032,2
92495,5441,0
92555,5600,3
92711,7867,2
92747,5156,2
92771,6679,1
92783,4641,0
92879,2169,0
92927,5900,1
92975,4841,3
93083,6757,2
93155,4816,2
93263,7782,3
93299,7097,3
93383,5488,0
93407,12245,6
93503,5676,1
93599,6234,3
93635,6683,1
93647,6957,2
93683,6452,2
93791,6464,2
93839,4388,2
93851,1680,0
93911,4211,1
93923,4743,1
93935,3095,0
94057,1195,0
94093,5040,0
94105,4217,2
94117,435,1
94129,4516,0
94141,4446,2
94189,3342,1
94297,10417,1
94309,7097,0
94321,5334,3
94345,3430,0
94381,7743,3
94393,6595,1
94405,500,0
94417,2570,0
94465,5180,3
94609,5733,4
94621,2594,2
94813,4315,1
94873,7428,2
94921,4873,0
94957,9829,0
94993,4739,0
95077,6637,1
95101,5438,1
95125,1844,0
95245,8152,4
95317,7214,1
95377,7904,2
95449,6404,3
95545,7761,4
95581,7465,2
95605,7042,5
95677,756,0
95845,6731,3
95893,4689,1
95977,3983,1
96013,6079,4
96049,7071,2
96181,5084,1
96253,8615,1
96385,3460,1
96397,4007,1
96517,7190,4
96529,304,0
96541,2723,0
96577,8221,5
96625,6272,3
96637,7000,0
96649,5272,0
96661,2465,0
96673,154,0
96865,3705,0
96877,10048,1
96925,5052,0
96985,4831,2
97105,3742,0
97117,3478,1
97129,4679,1
97177,7820,3
97297,4769,1
97429,7507,2
97621,10021,2
97633,10460,4
97657,8959,1
97705,4300,1
97717,7247,2
97777,7070,3
97837,6073,2
98029,3779,0
98053,6005,4
98077,5092,2
98089,6244,1
98149,6805,3
98161,6776,2
98305,3893,0
98389,4409,3
98413,5387,3
98461,8707,5
98533,7468,4
98557,358,0
98581,5184,2
98605,6405,2
98677,4815,0
98701,8978,3
98881,8733,2
99049,3424,0
99061,5160,0
99073,8797,0
99085,608,0
99181,3928,2
99205,6394,1
99241,5523,2
99253,5926,2
99265,5917,2
99349,1558,1
99421,5877,4
99481,9518,1
99541,7055,3
99601,9617,3
99697,4556,1
99757,2761,2
99781,6698,4
99925,5387,1
99937,3941,1
99973,6164,2
99985,3512,1
100021,8866,2
100069,3991,0
100213,5912,0
100273,4120,2
100285,4599,0
100309,556,0
100333,5528,2
100357,5336,0
100369,4544,0
100429,7733,1
100501,7935,3
100513,2584,1
100525,6725,4
100549,11444,3
100585,4116,0
100645,4658,0
100669,6721,0
100729,4819,2
100741,6706,1
100801,5068,0
100837,4875,3
100921,6032,1
100945,3428,0
100969,2979,0
100981,1323,1
100993,497,1
101005,4955,2
101017,7455,1
101185,2228,0
101269,7669,4
101461,4555,1
101593,6870,2
101737,5121,0
101797,5214,1
101809,7109,1
101821,8502,0
102001,6275,1
102133,3835,2
102157,5145,3
102337,6256,2
102433,3665,1
102469,8126,1
102517,1928,0
102529,4208,2
102553,5593,1
102565,9507,2
102589,11068,2
102625,6781,1
102661,2532,1
102745,6501,1
102769,7804,1
102922,518,0
102934,4995,2
102946,8235,2
103150,6638,3
103174,8642,4
103198,5817,1
103222,9299,3
103258,6268,1
103318,6344,3
103330,2476,0
103366,2274,0
103426,2609,1
103438,1418,0
103486,4952,0
103570,7715,4
103690,3870,1
103738,10436,1
103798,7044,1
103810,9653,2
103822,7355,3
103846,5401,2
103918,5713,2
103990,9097,0
104002,6742,2
104062,9597,3
104110,776,0
104134,1840,2
104206,8815,3
104314,5001,1
104362,1428,0
104386,7887,2
104398,8275,2
104410,8024,3
104422,8709,2
104434,2227,0
104446,6603,3
104518,8713,3
104674,4955,1
104770,1703,0
104842,8079,1
104902,7731,1
105082,185,1
105106,6191,1
105238,5061,2
105250,6623,1
105334,4621,2
105358,5241,1
105370,673,0
105442,9672,3
105466,113,0
105646,500,0
105658,9607,2
105730,5409,1
105850,841,1
106006,5843,1
106030,5981,3
106054,3225,0
106066,5319,1
106114,5385,0
106178,5144,3
106226,6904,2
106238,4783,1
106262,5998,1
106298,8099,3
106310,6895,1
106442,8530,4
106562,7240,4
106598,2403,0
106754,4749,1
106838,5723,0
107023,3634,2
107047,4224,0
107059,3215,2
107071,3131,1
107119,7815,2
107131,4399,2
107215,2791,0
107227,6390,2
107239,5501,1
107311,2387,1
107575,5769,1
107587,1266,0
107611,7066,4
107623,231,0
107635,6893,3
107791,3541,1
107827,4391,1
107935,2862,0
107959,4235,2
107971,3559,0
107995,5142,2
108007,3837,1
108175,6667,3
108319,5552,4
108343,3876,0
108355,8190,1
108367,12700,4
108379,1684,0
108403,5035,2
108499,1888,1
108511,4864,2
108583,6814,2
108607,4803,0
108619,6039,0
108655,6010,2
108667,6014,0
108679,5648,2
108703,5323,1
108715,7115,3
108763,7027,3
108775,2561,0
108787,8088,2
108799,5820,2
108811,5416,0
108823,6929,0
108835,6634,0
108859,5297,1
108871,8850,1
108955,11253,1
108967,9371,1
108979,7300,2
108991,6757,1
109003,7254,4
109015,6683,0
109027,9778,2
109039,9243,2
109075,6454,1
109099,5062,1
109111,8643,2
109135,9065,2
109159,9865,1
109171,10870,4
109207,6243,2
109303,4371,0
109315,6724,3
109351,5500,1
109375,5883,5
109435,5020,0
109471,7122,3
109507,6274,0
109531,7652,4
109543,8803,4
109903,3263,0
109939,9736,5
109987,4011,3
110131,3773,0
110155,8808,2
110179,2162,2
110191,6538,2
110215,6496,1
110251,5591,1
110395,1215,0
110407,4587,2
110419,5407,3
110443,6980,2
110455,8304,2
110467,3766,1
110479,9534,5
110491,9723,2
110515,9032,2
110551,7945,3
110599,7013,4
110623,7821,1
110647,8420,1
110695,9687,1
110707,6246,2
110755,9510,1
110815,4879,1
110827,5671,5
110839,8206,2
110851,4430,1
110863,9439,3
110875,8003,2
110959,14834,4
111055,81,0
111067,7952,2
111091,3535,2
111271,10397,3
111307,9037,1
111403,6005,2
111415,5985,2
111427,5307,2
111439,1950,2
111463,769,0
111499,8341,3
111511,8463,2
111535,3859,1
111583,5883,0
111631,7238,3
111655,5190,1
111715,7238,2
111727,5077,0
111763,11095,3
111847,4010,0
111859,6375,2
111895,5059,1
112063,6809,3
112087,7773,1
112111,2292,1
112123,1689,0
112135,2134,0
112159,8243,3
112183,2715,0
112315,7604,0
112339,4928,3
112351,6102,1
112363,5098,0
112375,3528,1
112447,746,0
112519,8770,4
112531,5305,1
112555,2043,0
112567,1254,0
112579,6773,4
112591,8120,1
112627,5661,1
112639,5823,1
112663,8469,1
112675,8981,2
112723,13462,3
112759,5807,3
112807,8129,1
112872,11698,3
112968,2033,1
113148,4657,1
113208,2206,1
113292,9380,2
113316,7109,1
113340,2907,0
113364,1100,0
113460,6170,1
113472,6834,1
113556,10626,3
113616,1792,0
113628,7617,0
113808,3617,0
113964,3947,0
113988,3932,3
114156,1622,0
114624,6971,3
114720,4691,2
114756,2626,0
114924,176,0
115128,8857,2
115164,8165,2
115176,11506,1
115272,20692,1
115296,3524,2
115476,9143,1
115596,683,0
115608,5723,1
115704,3422,2
115716,6185,3
115752,1065,0
115812,5685,3
115836,8007,1
115920,597,0
115932,3214,0
115944,6708,1
115992,7450,2
116076,12687,0
116148,4132,0
116304,7426,1
116316,10953,6
116328,8183,1
116340,5685,2
116376,5761,1
116412,5450,4
116496,11109,2
116532,5137,2
116580,2996,0
116604,2003,1
116640,284,0
116712,3514,1
116724,3654,1
116784,1150,1
116832,3687,0
116868,1258,0
116904,6156,1
116916,7656,1
116952,3805,0
117036,2100,0
117060,2901,1
117120,5845,1
117144,7081,2
117156,10477,0
117168,8435,0
117264,1966,0
117456,1662,0
117564,3552,1
117708,4859,2
117732,4423,0
117792,7546,4
117840,7689,4
117864,4922,1
117876,7841,2
117888,11928,1
117984,6656,1
118008,6828,2
118032,5462,0
118080,3086,1
118152,7389,8
118212,3460,0
118320,4517,0
118476,8647,1
118524,3527,1
118656,1256,1
118728,9190,4
118860,6497,2
119028,10296,3
119052,2649,1
119184,5409,3
119256,4294,1
119604,4533,2
119676,5980,2
119748,9734,3
119784,3970,3
119796,9296,6
119820,5873,2
119856,4675,1
119940,8248,2
119988,5926,3
120000,5914,1
120048,6704,4
120120,6414,1
120324,7536,1
120396,7126,2
120540,10681,0
120588,13509,1
120648,1151,0
120744,2431,0
120756,2366,0
120792,7173,2
120864,4340,1
121044,7163,2
121056,10175,2
121068,5965,1
121128,6290,1
121212,4711,1
121320,17,0
121332,56,0
121356,4528,2
121452,5010,2
121476,4116,1
121488,3573,1
121560,5029,1
121632,7505,6
121656,7049,4
121836,2233,0
121872,5156,0
121908,1611,0
121932,8462,1
121944,1858,0
121980,2316,0
122052,2167,1
122100,5654,1
122136,10088,1
122148,6321,0
122160,5319,1
122172,11079,2
122184,5321,2
122220,5801,2
122292,5224,3
122340,1623,0
122388,6255,2
122412,6956,0
122472,8058,2
122484,4830,2
122640,3474,0
122736,5781,2
122748,9106,0
122820,3014,1
122880,4923,0
122892,3530,1
122976,5608,0
122988,190,0
123048,6738,3
123156,8284,2
123192,3800,0
123204,235,0
123276,5351,1
123396,5143,0
123444,4912,1
123564,4532,2
123576,6109,0
123648,7901,3
123660,6865,4
123684,8324,4
123696,7118,3
123744,5383,2
123756,2981,1
123768,4734,0
123828,1393,0
123919,7988,2
123931,6740,3
123955,2927,0
123979,7525,5
124003,8038,3
124015,6552,3
124087,6498,2
124123,7971,3
124135,1982,0
124171,4696,4
124327,7477,1
124363,3129,2
124411,4605,1
124447,4621,1
124459,4590,1
124555,4223,2
124723,4822,1
124735,5971,2
124747,6110,1
124759,7270,2
124771,6690,2
124783,21232,3
124855,8864,4
124879,7066,1
124891,11353,2
125035,6200,4
125071,3697,0
125095,6119,2
125227,6577,1
125239,6139,1
125275,4002,2
125335,5995,0
125359,5238,2
125455,7378,2
125611,4373,2
125671,2204,1
125683,8172,1
125707,6288,0
125731,4211,3
125743,9451,0
125767,4752,0
125863,7479,7
125947,3132,1
126091,6067,4
126115,8825,1
126127,7097,5
126247,5883,1
126271,7169,3
126403,6006,1
126415,3133,1
126451,8266,1
126463,9146,2
126487,6131,1
126523,6474,1
126583,5818,0
126595,7355,3
126619,5142,1
126631,1741,1
126643,6346,0
126655,3976,0
126667,7031,4
126679,9291,2
126703,2724,0
126715,3207,0
126727,6929,3
126763,7361,3
126787,3326,2
126883,4544,2
126919,5664,2
126931,4636,2
126967,6791,1
127135,5164,1
127171,7904,1
127183,2515,0
127195,4182,1
127207,7891,2
127219,4270,0
127231,2268,1
127243,4530,2
127255,7103,1
127267,5379,0
127363,14093,1
127507,5410,2
127531,6894,1
127639,7176,2
127663,146,0
127699,7814,4
127711,6907,2
127723,6284,1
127795,5837,2
127855,7838,3
127891,2544,0
127939,4344,1
128035,8813,1
128047,7910,1
128071,3700,2
128107,3580,1
128239,2724,2
128311,54,0
128383,2860,0
128443,3804,0
128467,8765,1
128479,21788,5
128491,9451,1
128587,1228,0
128839,5801,1
128851,4829,0
128887,8392,2
128899,7963,1
128923,1540,0
129235,1108,0
129271,11347,5
129427,8414,5
129487,9423,1
129559,4432,0
129583,3366,0
129595,5878,2
129607,6490,1
129619,4949,0
129631,8743,0
129643,5354,0
129655,9350,3
129667,5035,1
129679,9712,2
129691,4169,1
129703,7679,3
129715,7395,3
129727,2630,1
129739,5196,2
130015,399,1
130135,3870,2
130168,2861,0
130228,7475,0
130480,4768,0
130576,7465,1
130600,8480,4
130612,6119,1
130624,6862,1
130636,9915,2
130660,3764,0
130684,1072,1
130708,1183,1
130756,1632,3
130780,9068,3
130792,7140,2
130804,7291,1
130852,9168,3
130864,6123,1
130876,2376,0
130888,7630,3
130900,4209,3
130912,8724,3
130924,4283,0
130960,5823,3
131152,946,0
131176,1619,1
131212,9836,4
131476,7175,2
131512,6585,2
131596,6260,1
131704,481,0
131752,6331,1
131824,7640,3
131932,3266,2
131980,8098,4
131992,4492,0
132100,8079,3
132352,5496,2
132376,3792,0
132424,7508,2
132448,4347,3
132472,3387,2
132484,3519,1
132580,10499,4
132592,9481,2
132604,6395,1
132616,10326,2
132628,1439,0
132664,7841,0
132676,6338,2
132748,8635,2
132868,7820,1
132880,7472,0
132904,6938,2
132961,5176,1
133009,9803,0
133033,3555,2
133045,6260,0
133117,7605,2
133129,4288,0
133165,5708,2
133213,6094,2
133237,111,0
133284,6766,5
133296,6672,3
133308,8725,6
133320,3134,3
133332,9858,0
133392,1810,0
133428,5381,1
133440,9201,4
133452,5147,2
133464,8917,1
133476,5493,1
133524,8043,1
133536,4002,0
133644,2241,2
133656,11622,0
133668,5935,2
133716,4701,1
133740,8340,2
133824,11158,1
133836,6567,0
133860,3519,0
133872,4048,1
133932,4322,2
133980,4635,0
134004,9274,1
134016,1669,0
134028,3518,1
134052,883,0
134076,6590,1
134160,5058,1
134184,4621,2
134244,8944,3
134316,7087,2
134400,1752,0
134532,370,0
134640,6548,0
134760,4411,0
134772,6722,0
134808,782,0
134976,2544,0
135048,7628,2
135084,9593,3
135132,9130,4
135180,1407,0
135408,6168,3
135480,4865,2
135540,8211,1
135552,7940,3
135576,8065,2
135672,6708,2
135696,7924,3
135852,6390,2
135960,4879,1
136068,7448,1
136152,8826,1
136200,5927,2
136224,6302,0
136272,7383,5
136296,3335,0
136392,9288,1
136404,2897,0
136416,3046,1
136496,7070,2
136508,1978,0
136700,4610,0
136772,2165,1
136784,4519,1
136991,10443,4
137039,5882,4
137159,7008,1
137195,8287,1
137207,5070,1
137255,8725,6
137327,4646,2
137351,3088,1
137495,3056,0
137507,7711,3
137519,8745,1
137711,7673,4
137723,11359,2
137759,8893,2
137807,6193,1
137903,208,0
137927,5518,1
137939,4799,2
138203,6511,2
138227,4464,1
138239,4824,1
138263,10774,2
138371,10102,3
138395,5680,2
138443,4590,1
138455,2894,0
138491,2901,0
138503,8333,1
138587,10225,3
138599,5422,2
138611,7081,1
138666,6979,0
138714,3420,0
138726,8332,2
138738,3569,0
138762,4397,0
138774,1525,0
138810,1288,0
138870,2531,1
138882,2829,0
138906,3863,0
139014,7841,4
139074,6726,0
139290,5578,1
139458,6522,3
139470,3786,1
139518,5718,0
139530,2510,0
139566,10950,4
139794,4436,1
139806,9461,3
139818,5253,1
139854,4378,4
139866,5738,1
139986,3783,0
140022,6000,3
140082,5751,0
140106,6342,3
140178,7157,2
140190,8335,4
140238,3957,0
140250,1903,2
140310,6000,1
140346,2379,1
140382,9157,4
140622,1169,1
140634,7420,5
140646,2485,0
140670,3023,0
140694,6593,1
140718,1893,0
140814,6507,0
140934,5485,0
141054,1520,0
141162,4394,2
141186,6860,5
141330,317,0
141378,5918,2
141390,4067,0
141474,6156,1
141498,12644,0
141534,3324,0
141594,4698,0
141642,7032,1
141678,2423,0
141702,2800,1
141750,5371,1
141810,5352,3
141822,4892,2
141894,5696,0
141942,3889,0
141966,785,0
142002,2265,1
142086,349,0
142122,4937,1
142182,8076,2
142194,6334,5
142218,6475,1
142230,8197,2
142254,7539,3
142266,59,1
142494,7072,0
142710,5136,3
142830,5242,1
143058,3772,1
143094,1853,0
143262,7477,1
143274,732,0
143286,6080,2
143322,76,0
143334,6348,4
143346,8216,4
143418,3693,0
143490,3612,2
143634,6879,1
143742,7172,1
143754,5724,2
143766,11173,5
143898,3145,0
143910,314,0
144123,8081,1
144255,7499,2
144267,6371,1
144279,7607,3
144291,8660,2
144303,10071,2
144315,7546,1
144327,5559,5
144375,8021,1
144423,6508,1
144435,4777,0
144447,5872,0
144459,2653,1
144591,2781,0
144615,11395,3
144627,806,0
144639,5149,7
144651,5970,1
144663,8279,2
144675,4991,0
144699,6126,0
144819,85,0
145383,7854,2
145407,6450,3
145659,4868,1
145719,3464,0
145743,5969,2
145791,2039,0
145827,3610,0
145851,3003,0
145983,3587,0
146067,5721,0
146091,5437,2
146171,2918,3
146219,4160,1
146231,4,0
146243,6508,1
146267,8645,1
146351,1018,0
146411,1649,0
146447,3485,3
146567,10834,2
146627,6080,4
146663,5709,0
146759,7555,3
146891,4346,1
146939,5879,1
146963,2939,0
147047,10190,2
147075,7392,1
147147,7742,1
147159,10218,1
147207,3958,2
147243,3608,0
147255,7829,1
147291,10142,1
147375,5655,2
147399,9962,1
147411,6119,1
147471,794,0
147519,7832,3
147639,6640,1
147771,3190,0
147795,4970,1
147819,4029,3
147879,7943,6
148035,1942,1
148210,8449,0
148306,7778,3
148330,7068,2
148438,6811,2
148510,5411,0
148546,522,0
148558,1774,0
148570,7429,3
148606,7099,1
148630,6624,3
148654,9690,4
148721,6764,2
148781,3823,0
148901,4271,1
149165,4710,1
149189,3401,0
149369,7688,0
149393,5497,1
149477,206,0
149525,5036,2
149621,9154,2
149633,5690,2
149645,2256,0
149681,5935,2
149765,6808,2
149825,8900,2
149861,7225,1
150089,4836,1
150137,3542,0
150185,5531,2
150197,5402,3
150221,13100,2
150305,8540,3
150533,4465,2
150557,4875,1
150569,5675,1
150629,9250,3
150665,78,0
150677,5940,1
150749,13698,4
150785,4085,1
150797,5462,1
150917,211,0
151025,3116,0
151073,7557,4
151157,1321,1
151169,6575,4
151193,4430,1
151217,483,0
151241,14635,1
151301,9023,3
151313,3978,2
151553,5854,2
151577,8960,0
151601,11759,2
151697,1897,0
151709,3787,2
151781,0,0
151793,873,1
151901,5535,2
151955,9132,3
152003,6340,0
152039,4823,3
152075,1238,0
152087,12277,5
152171,4935,0
152291,396,0
152423,5960,2
152447,5922,2
152543,1908,1
152555,4501,1
152591,10889,0
152603,500,0
152651,6031,0
152747,1614,0
152795,8546,1
152843,3761,1
152903,5190,2
152963,6396,1
153011,17248,5
153023,4434,0
153095,4509,0
153155,6175,4
153215,7171,1
153275,248,0
153287,11051,4
153299,3847,0
153371,9976,2
153563,4322,1
153575,6249,2
153599,7885,3
153647,6774,1
153695,3393,0
153839,6304,1
153899,7106,2
153923,3015,1
153959,8842,5
154031,2596,1
154091,2759,0
154115,50,0
154223,4278,0
154319,5583,3
154343,7687,2
154355,3823,0
154403,367,0
154451,2717,0
154463,4600,2
154499,5292,1
154643,9049,1
154751,9492,3
154775,8495,3
154787,9845,3
154823,3510,0
155279,388,1
155351,701,0
155363,5969,0
155399,3641,1
155435,4401,3
155483,6235,2
155507,3280,1
155543,7403,2
155627,7382,2
155867,19351,5
155915,6469,2
156011,2881,0
156035,4646,0
156059,4486,1
156155,1713,0
156167,4050,0
156215,1116,2
156251,6849,2
156323,7651,2
156347,5298,1
156359,286,0
156407,8110,2
156431,10313,1
156455,2682,0
156503,4740,1
156563,5419,1
156623,1971,0
156671,5672,2
156719,6597,1
156743,2239,1
156767,2866,0
156803,5013,2
156839,7431,1
156983,5659,1
157031,7430,3
157355,3306,1
157403,5770,1
157415,8624,1
157439,8436,3
157559,10870,4
157667,1003,0
157679,3009,2
157739,6935,2
157751,12525,4
157895,4436,0
157907,3093,1
157943,863,0
158051,4304,0
158075,7103,2
158099,6504,2
158111,6958,5
158135,5800,2
158159,277,0
158267,6271,1
158303,6970,4
158591,3522,2
158615,11721,0
158759,8680,3
158819,4066,1
158831,4438,1
158901,6535,2
158925,9135,5
159093,10686,4
159213,4753,2
159321,8370,5
159453,4659,1
159501,4514,3
159537,6146,1
159741,12533,2
159777,508,0
159873,7457,1
159897,7236,1
160005,4299,1
160269,302,0
160521,5250,1
160557,7518,2
160665,7135,1
160677,417,0
160857,2406,1
160869,5442,1
160941,9120,3
160965,946,0
161013,7911,3
161057,4698,0
161201,2530,1
161261,5785,3
161285,6005,1
161297,5464,2
161309,5413,1
161345,2723,0
161357,7889,2
161465,4787,3
161573,6323,1
161585,6482,1
161597,6843,0
161609,7089,2
161621,6904,0
161633,9105,0
161645,3993,0
161657,5169,2
161813,6273,1
161849,6658,2
161873,8440,1
161933,6010,1
161945,1358,0
162005,8559,2
162017,7464,2
162065,2977,2
162185,2819,0
162305,4483,2
162401,10248,1
162605,8411,3
162629,7473,0
162713,7408,5
162725,7377,4
162737,2482,0
162785,508,0
162821,6552,6
162989,2347,0
163013,1778,0
163193,2232,1
163385,8583,3
163445,2271,0
163457,1702,0
163541,6905,0
163577,9669,1
163625,7451,4
163637,5268,3
163661,8038,7
163685,6373,2
163697,391,0
163709,487,0
163721,9138,2
163829,3467,3
163877,1574,1
163913,9129,1
163937,2721,0
163949,5977,3
163973,2495,0
163997,5898,1
164009,6864,1
164021,3089,2
164117,2541,1
164129,3897,0
164165,4352,2
164177,6244,3
164237,4205,1
164273,1040,0
164297,5274,1
164345,3728,2
164357,3191,1
164381,6529,4
164405,1928,0
164441,3344,1
164453,5486,1
164513,2140,1
164561,11190,4
164645,5238,2
164657,5264,3
164681,2538,1
164693,826,0
164717,8528,0
164729,4181,2
165077,6788,2
165533,1823,1
165557,6139,2
165581,4161,1
165677,3133,1
165833,9018,2
165893,2404,1
166013,5468,3
166025,10038,4
166037,5910,1
166049,8621,3
166153,5046,2
166165,5117,3
166189,2194,1
166297,6474,0
166309,5562,0
166357,1311,1
166381,14755,1
166453,4046,0
166489,4327,0
166525,7764,1
166549,8698,3
166633,3831,0
166669,5659,3
166705,7794,0
166717,5393,2
166813,7208,0
166837,6908,0
166897,7400,3
166921,9060,6
166945,3445,0
166969,12422,1
167053,6866,0
167077,6922,1
167101,4633,2
167269,4488,1
167293,9489,2
167317,10933,3
167341,6639,1
167353,3535,1
167365,4868,1
167389,4693,2
167497,3688,1
167509,8014,0
167557,2350,2
167689,4161,0
167701,6286,0
167737,6415,1
167749,6606,1
167845,4723,0
167905,6597,2
167953,6423,0
167984,903,0
168044,1265,0
168053,1560,0
168216,7240,5
168275,8132,1
168323,2416,0
168395,5902,0
168407,3333,0
168419,4747,2
168431,2993,1
168551,4551,1
168563,8803,3
168575,9117,2
168587,4676,0
168599,5942,0
168611,4712,1
168623,5182,0
168635,7630,0
168647,9166,0
168659,9624,2
168671,4726,1
168683,5671,2
168695,6782,1
168707,6707,1
168719,6334,1
168731,5872,1
168839,8196,1
168851,8218,1
168863,8141,2
168887,5212,1
168899,9118,1
168911,9810,3
169007,4372,1
169019,7455,0
169031,7060,2
169043,3332,0
169103,6222,4
169127,5295,1
169151,5913,2
169223,3389,0
169271,3056,0
169307,4463,1
169319,2051,0
169331,8610,4
169343,10691,1
169355,4204,0
169367,6365,1
169379,9281,1
169391,8105,2
169403,9363,2
169415,4109,1
169439,5253,1
169463,7445,0
169475,5897,0
169535,7635,4
169547,7306,3
169627,6870,3
169675,12355,0
169687,9008,1
169711,3617,1
169795,5389,2
169831,4274,0
169879,10934,4
169903,1674,1
169975,7140,1
170095,4912,3
170107,6821,1
170119,8307,1
170131,6300,1
170143,3762,1
170179,886,0
170275,5495,1
170311,5560,1
170431,10094,0
170455,6435,2
170479,513,0
170503,8385,1
170599,8987,3
170611,2339,0
170635,6259,0
170659,7247,2
170671,4832,3
170791,4091,1
170803,17982,1
170827,8195,3
170971,4812,1
171043,8606,3
171067,4943,0
171079,398,0
171151,5283,2
171228,2773,0
171252,3335,0
171300,466,0
171312,6703,1
171372,6673,2
171384,6439,6
171420,4773,0
171432,5901,0
171456,6397,1
171468,9267,0
171492,6986,1
171504,7904,2
171516,13463,0
171528,20219,0
171540,9828,0
171552,7577,2
171576,9641,1
171648,6748,1
171744,2321,2
171768,24738,1
171871,9099,0
171895,8395,2
171907,5433,2
171919,10627,3
171931,4696,0
171943,6296,2
171955,8348,2
171967,6757,3
171979,1962,0
171991,7601,3
172039,4936,1
172051,4844,1
172063,7900,1
172075,6962,0
172087,6867,0
172099,6163,2
172123,4189,1
172135,6232,1
172147,4386,0
172159,6964,1
172183,10689,3
172195,1596,0
172207,4728,0
172219,11931,1
172231,5379,2
172387,6064,1
172399,8445,1
172411,8489,1
172423,5972,2
172435,5842,1
172447,3938,1
172459,8210,1
172471,7649,3
172483,2139,1
172495,8448,2
172507,5496,0
172519,4357,1
172555,7984,4
172591,8184,1
172627,5632,1
172663,1275,0
172711,5473,1
172723,8450,2
172759,4881,2
172807,648,0
172843,6092,1
172935,10261,3
173007,5624,0
173019,4943,1
173067,8118,0
173139,6694,3
173151,4933,2
173187,1882,0
173211,9123,4
173247,567,1
173295,4944,1
173331,5881,1
173355,5576,2
173403,5451,3
173415,10400,3
173427,7852,4
173439,124,0
173451,1117,0
173511,6345,0
173715,6930,2
173847,6446,0
173883,5559,1
173943,915,0
173955,6651,1
174051,6312,1
174111,3102,2
174131,4554,0
174155,8738,3
174275,6979,3
174287,5383,1
174347,7582,2
174371,7121,0
174383,6412,2
174455,3309,1
174623,6608,0
174659,2847,0
174791,10890,4
174887,3498,0
174899,4919,1
174911,5136,0
174923,735,1
174941,7566,2
174953,4839,0
175025,7146,1
175049,2580,0
175097,8366,2
175241,4530,1
175289,597,0
175301,520,1
175445,1260,0
175577,9128,1
175589,498,0
175649,249,0
175681,5042,1
175907,6415,4
175955,7293,4
175991,7959,4
176003,6163,4
176075,8640,3
176099,7873,1
176111,9295,1
176207,2196,0
176219,8739,4
176279,6363,2
176291,527,0
176447,1412,0
176528,8894,4
176600,2288,0
176612,5486,0
176684,1742,0
176744,1971,0
176780,2181,0
176840,732,0
176972,4764,1
176984,4637,1
177212,6442,2
177248,8022,2
177272,6590,4
177356,7112,3
177368,7772,1
177404,9291,1
177428,8255,2
177440,6226,2
177536,2244,1
177584,400,0
177620,7003,2
177632,0,0
177704,3294,2
177740,3100,0
177764,5416,3
177776,2359,1
177812,5784,1
177836,456,0
177884,6904,2
177908,6575,1
177956,3601,4
178028,5771,1
178064,562,1
178172,5661,4
178184,5536,0
178244,605,0
178268,3892,1
178580,1197,0
178988,7313,0
179060,2853,1
179072,5019,0
179084,496,0
179132,2117,2
179192,5738,5
179276,2615,1
179288,6292,1
179312,5650,1
179396,3121,0
179420,4879,2
179468,0,0
179492,3748,1
179504,3102,1
179540,6037,1
179576,4463,1
179600,3918,1
179660,5532,0
179684,3695,0
179696,281,0
179732,4824,1
179804,8143,1
179840,4620,1
179912,5549,2
180188,7796,0
180236,4922,0
180440,9168,1
180500,3880,2
180572,3560,1
180889,2066,0
180913,6955,0
180997,132,1
181009,3438,1
181045,3593,2
181057,10656,1
181093,8794,0
181141,10353,2
181153,6965,1
181201,3840,0
181261,5771,1
181381,14924,2
181417,6941,1
181429,3121,2
181477,4222,2
181513,7059,2
181561,2801,2
181621,7380,2
181633,5237,4
181669,4158,1
181681,4559,1
181693,3658,1
181885,5882,1
181933,4698,1
182036,6268,2
182168,5509,1
182204,5410,1
182288,7673,3
182300,7294,1
182312,9099,4
182396,360,1
182444,10965,6
182480,10115,1
182492,4808,2
182564,4490,5
182660,4299,2
182672,7719,0
182720,7156,2
182732,5519,4
182804,8193,2
182852,9067,2
182876,6860,2
182888,3043,0
182900,6436,0
182924,8633,3
182936,3354,2
182960,0,1
182984,8013,1
183044,5275,3
183080,7445,2
183104,9310,4
183128,6551,3
183162,7276,1
183234,4214,0
183246,7421,2
183258,5044,1
183270,8127,4
183342,8085,2
183426,4873,0
183438,9281,2
183450,9212,5
183498,1118,0
183570,5913,2
183666,3870,2
183678,3903,1
183690,5348,2
183726,3178,0
183774,5505,0
183786,5081,1
183834,2281,1
183870,5432,0
183918,480,1
183954,5775,2
183978,1397,0
184026,8156,1
184110,3371,1
184122,9352,1
184158,5007,2
184170,5512,0
184182,9631,1
184194,6588,4
184206,4807,1
184242,3830,1
184278,5348,0
184290,3231,1
184302,5143,0
184326,4644,0
184338,6397,3
184350,3179,1
184410,6644,0
184434,6623,2
184518,2606,0
184530,660,0
184626,4812,1
184674,1087,0
184818,7664,3
184830,8368,6
184842,2167,0
184902,5113,2
184914,3631,1
184974,11074,2
185058,7114,3
185082,9582,3
185106,3058,0
185118,7438,2
185274,2204,1
185346,1446,0
185454,4878,0
185502,6947,1
185598,4396,1
185670,12259,1
185682,5677,1
185739,13876,2
185751,5749,2
185775,1434,0
185799,3138,2
185859,7596,5
185943,7150,2
186063,9225,2
186123,4246,3
186147,8238,2
186183,8072,0
186267,9095,2
186411,12185,1
186471,6291,3
186483,2748,0
186507,10851,3
186543,2464,0
187131,6036,0
187155,1420,0
187179,5052,0
187215,4483,0
187227,6153,2
187251,2,0
187263,4340,0
187322,2899,0
187334,4084,1
187358,2459,0
187394,3949,1
187404,9627,2
187428,4878,4
187440,1686,0
187476,7232,3
187524,5383,4
187725,3049,0
187773,7586,1
187797,4593,1
187821,7769,3
188109,6949,1
188133,7211,4
188145,4947,4
188157,704,0
188169,4605,1
188193,5668,2
188253,1291,0
188337,7538,0
188373,1159,0
188409,9184,3
188457,98,0
188469,9590,1
188481,5676,1
188493,4369,1
188505,7914,2
188529,8340,5
188541,589,0
188577,7021,0
188601,1660,1
188613,2477,1
188625,14135,1
188778,7596,4
188826,5407,3
188838,6983,0
188862,5309,0
188874,6449,1
188886,7510,2
188934,5954,3
188970,6905,0
188982,1123,0
188994,5791,2
189030,8330,3
189054,4630,1
189090,6333,1
189138,5145,0
189162,2370,0
189210,4265,2
189222,13366,2
189258,3802,4
189318,8394,2
189378,315,1
189390,2388,1
189450,7480,3
189462,3938,0
189498,10266,3
189570,1768,0
189594,3888,1
189606,115,0
189618,5615,1
189630,8871,3
189749,1621,0
189845,4458,1
189857,1745,0
189905,6347,3
189917,1776,0
189953,417,0
189965,7708,4
189989,4303,2
190061,6502,3
190097,8994,3
190133,10836,0
190217,5109,2
190265,2727,1
190325,5880,1
190349,4470,1
190385,1754,0
190409,924,0
190421,4084,0
190493,7291,1
190517,8185,2
190529,5409,1
190541,7826,3
190577,5908,2
190697,4428,1
190769,7187,1
190805,2066,1
190817,741,0
190853,3075,0
190937,3187,0
190949,6171,2
190961,7882,0
190973,8968,0
191009,8039,2
191021,9306,0
191081,3206,2
191117,6336,1
191213,7125,0
191249,7933,1
191297,8383,2
191321,5668,3
191381,773,0
191405,9158,4
191441,2322,0
191477,5415,4
191583,1756,1
191619,4667,1
191715,8724,4
191727,6841,2
191739,7478,3
191751,6652,3
191811,4112,1
191847,8356,2
191955,3817,1
192003,3105,1
192039,3904,1
192063,6371,1
192147,5238,0
192243,4067,1
192315,4097,1
192375,8737,2
192483,5664,2
192555,3780,0
192627,4553,1
192639,412,0
192651,3235,0
192675,4896,0
192843,212,0
192867,3393,1
192879,7875,4
192963,11592,3
192987,1416,1
193011,7269,3
193023,8101,1
193035,9593,4
193047,11535,5
193083,2437,1
193095,4396,1
193131,3113,2
193143,8684,2
193155,3174,2
193191,5348,3
193203,5082,2
193227,4901,2
193287,4878,3
193299,5817,1
193311,7793,2
193335,7343,2
193359,1646,1
193407,2247,0
193419,14429,3
193503,5442,3
193551,9856,2
193563,10456,2
193611,2660,0
193623,6600,2
193683,7575,3
193695,4801,1
193755,273,1
193767,4765,3
193786,9134,5
193822,10769,1
193846,3569,1
193858,4851,2
193906,3059,0
193918,4117,0
193942,3592,1
193954,6795,1
193978,10225,4
194050,4596,2
194074,3299,0
194110,4771,0
194146,2936,1
194170,6009,2
194182,2545,0
194218,2388,2
194278,511,0
194302,4479,0
194314,2565,0
194326,5943,3
194338,6709,1
194374,6885,1
194386,6909,2
194398,7981,1
194410,11694,4
194422,3075,1
194446,6854,4
194482,5362,1
194530,6411,4
194614,5520,0
194626,7681,2
194674,7382,3
194734,4770,1
194746,6668,2
194782,83,0
194816,19244,3
194840,6865,2
194852,4344,0
194864,262,2
195020,5825,2
195032,10306,2
195056,881,0
195068,4429,1
195092,4320,0
195116,1403,2
195332,7751,2
195452,423,1
195464,7312,2
195512,3152,1
195560,9202,1
195656,4855,0
195692,6946,0
195704,6049,3
195728,6532,0
195788,3824,1
195860,8770,4
195944,4729,1
196004,1528,0
196052,5401,2
196076,1868,0
196088,8592,1
196136,4792,1
196148,8309,0
196184,4240,2
196196,12714,4
196280,9450,2
196304,4170,0
196328,4088,2
196364,4713,0
196388,4441,1
196400,2911,0
196424,10494,5
196436,6385,1
196460,4093,0
196484,5246,2
196568,5975,2
196592,10673,1
196660,6038,1
196672,11276,2
196696,8698,1
196708,3884,1
196768,10062,4
196780,3164,1
196871,6098,3
196895,3372,0
196919,2605,0
196931,3338,1
197075,6006,3
197087,9061,0
197099,11587,2
197159,8883,1
197183,7001,1
197219,5722,3
197231,3700,0
197291,5940,1
197327,9609,0
197351,6807,1
197363,4546,0
197387,5115,2
197423,1096,0
197459,7889,1
197519,8038,2
197543,4500,3
197567,5875,0
197591,7392,3
197603,9949,5
197615,2313,0
197627,6377,1
197639,6075,2
197651,6071,3
197663,5116,0
197711,6340,0
197723,2971,1
197742,5496,1
197766,837,1
197814,434,0
197870,7448,2
197882,4878,1
197918,10403,4
197966,4581,3
198002,3610,0
198026,6642,2
198050,6425,0
198110,6800,2
198158,7984,0
198182,8349,0
198194,5623,2
198266,9086,5
198398,7141,3
198422,7828,1
198494,7951,1
198518,5268,3
198566,7281,3
198662,2485,1
198734,9783,2
198806,4066,0
198818,5954,1
198854,3721,1
198914,7808,2
198949,4333,2
198985,3085,0
199033,13637,7
199045,3537,4
199081,4714,0
199105,514,0
199141,1912,1
199177,3822,0
199189,701,0
199249,7441,1
199333,6543,0
199369,9405,2
199453,5269,0
199465,8837,1
199477,2000,0
199493,7045,2
199505,7838,2
199541,215,0
199565,6391,2
199601,903,0
199613,3690,0
199697,6961,1
199721,3101,0
199817,7730,5
199865,233,0
199925,6319,3
199961,7402,4
199997,5402,0
200021,3490,0
200093,10533,5
200141,6585,4
200177,3868,0
200321,6597,4
200417,4169,4
200453,6918,1
200561,6468,2
200621,10468,3
200681,2225,0
200717,9988,0
200729,6566,4
200753,5869,5
200801,2212,0
200885,7031,0
200945,3490,0
200969,7629,2
201053,10673,0
201101,8150,3
201149,8272,5
201185,3493,3
201209,9732,4
201221,4357,0
201245,8866,2
201269,4750,0
201317,9487,4
201341,6247,0
201419,5868,0
201455,3455,1
201503,4914,3
201551,5654,1
201611,4293,2
201635,2532,0
201719,5061,0
201743,4360,1
201791,3417,2
201827,3703,0
201851,12197,3
201935,8570,0
201983,8913,0
201995,9254,1
202031,4438,0
202043,4616,1
202259,4388,0
202271,6283,2
202351,614,0
202393,9047,3
202441,6659,0
202453,7225,3
202489,3781,1
202501,7280,3
202549,9328,3
202573,4555,1
202869,287,0
202905,662,0
202989,9710,5
203001,5098,2
203085,3024,0
203121,6475,1
203229,10200,6
203241,4143,0
203313,3927,1
203349,5899,2
203373,6250,2
203385,3923,1
203409,6306,1
203476,2231,0
203488,1221,0
203556,8193,2
203628,8007,2
203652,12666,3
203664,8188,2
203695,3652,0
203731,4802,1
203815,1575,0
203875,4985,0
203899,6236,3
203911,4164,0
204007,6400,2
204031,3662,2
204103,5743,2
204172,3870,2
204184,2667,0
204256,11843,1
204280,9436,2
204376,13710,2
204556,4940,1
204580,3426,1
204592,452,1
204628,8015,3
204640,4135,1
204676,1189,1
204748,2383,1
204772,3953,0
204856,8646,2
204928,5967,1
204987,7492,0
205011,5170,3
205071,0,0
205083,10027,3
205103,110,1
205139,9207,1
205151,247,0
205175,8140,2
205259,5434,1
205295,8321,0
205307,1300,0
205331,8401,0
205355,5750,0
205379,4910,3
205415,7070,0
205427,1832,0
205451,2718,0
205511,11258,2
205523,9386,2
205547,2742,0
205607,6727,0
205643,7610,5
205667,5235,2
205691,13714,1
205739,6241,1
205859,2153,3
205871,3746,1
205883,4849,1
205943,3906,1
206051,5635,0
206099,6523,2
206182,850,0
206230,10685,1
206290,9175,1
206314,9462,0
206344,4472,1
206376,5032,0
206388,5112,1
206531,637,0
206591,15924,2
206639,6375,4
206675,1088,0
206711,5142,3
206747,5964,2
206771,4609,0
206795,3498,0
206867,9524,1
206903,12784,6
206927,4106,1
206975,13578,4
207059,5174,1
207107,8032,1
207119,8464,1
207179,3694,2
207229,7428,2
207265,13580,4
207301,5979,2
207325,6189,1
207361,3442,0
207421,4877,3
207517,5423,1
207529,4492,0
207601,25,0
207613,4507,1
207625,3683,0
207649,4574,1
207781,3480,1
207841,3893,1
207853,5195,0
207925,4560,2
207961,5708,1
208009,10577,5
208021,2582,1
208201,4413,3
208237,5892,1
208321,4008,0
208369,9665,1
208393,4254,1
208441,3828,0
208470,872,0
208506,3515,1
208512,7572,0
208524,4176,0
208536,2474,0
208668,1566,1
208704,6426,4
208776,8056,1
208800,5055,2
208812,8500,2
208836,6273,5
208848,6143,0
208860,10617,6
208884,8617,0
208896,3757,0
208908,6299,1
208937,685,0
209009,6144,0
209105,9369,4
209153,7774,1
209237,4295,1
209399,5438,4
209459,11879,0
209483,2589,0
209495,7538,1
209549,7434,0
209573,6682,2
209621,6159,0
209645,1990,0
209765,1237,0
209849,3464,0
209861,1912,0
210017,6379,1
210029,1521,0
210053,6386,2
210074,5079,0
210098,7981,2
210122,3767,1
210266,5118,2
210278,9519,1
210314,3079,0
210326,5240,0
210386,6780,0
210422,4804,1
210444,4374,0
210540,6467,1
210600,76,0
210660,8570,4
210684,7618,1
210732,7084,5
210792,8599,4
210900,3636,1
210936,574,0
210948,7632,3
210972,4520,1
210984,5354,2
211066,9674,3
211090,8564,0
211114,9237,2
211126,3148,0
211174,9007,2
211198,7559,1
211246,8014,1
211426,9869,3
211445,8521,3
211469,5570,1
211493,16352,2
211565,7579,0
211607,7321,1
211655,8003,1
211667,9889,3
211715,7501,0
211763,9612,0
211811,9029,2
211883,6960,3
211955,977,0
212003,5037,3
212015,7287,4
212027,2624,0
212039,3410,0
212051,4527,1
212099,9564,1
212111,9463,1
212135,10102,3
212147,6724,2
212219,5061,1
212279,2594,0
212291,4955,0
212315,3720,1
212327,5700,4
212339,5856,2
212433,8510,2
212529,7921,2
212577,7721,2
212625,22397,4
212673,2099,1
212709,6897,0
212745,2409,0
212853,147,0
212865,5044,2
212877,5501,1
212925,4967,3
212937,6011,1
213030,9276,5
213102,6187,2
213126,236,0
213162,4469,1
213198,663,0
213258,4913,3
213342,5293,3
213414,5868,2
213558,5063,0
213618,3535,2
213714,3934,1
213726,5809,0
213738,4775,1
213810,3701,0
213834,6992,3
213858,7386,3
213906,6521,0
213930,776,0
213954,7801,2
213961,7886,4
214021,3824,0
214045,16136,6
214057,7873,2
214069,5408,0
214105,9258,2
214225,3981,1
214273,6369,1
214321,10256,5
214333,6963,3
214387,6499,1
214543,0,0
214639,475,0
214843,2768,1
214867,8258,3
214965,4822,0
214989,542,0
215144,4945,1
215156,6997,3
215168,8703,3
215215,5368,0
215239,4406,0
215251,2299,1
215323,3689,2
215383,1670,0
215395,6387,2
215527,4473,2
215539,2975,0
215575,4866,5
215587,730,0
215599,5634,1
215611,4596,2
215623,5024,0
215695,1690,0
215767,5048,2
215779,1635,0
215815,3527,4
215839,8672,0
215863,5048,0
215887,4790,1
215899,5558,0
215959,3304,1
215971,9269,2
216007,3124,0
216091,6008,2
216103,9053,5
216111,2648,0
216207,3846,1
216227,7300,3
216239,5954,3
216248,11111,0
216272,4685,3
216308,4869,1
216320,4734,0
216380,766,0
216404,1119,0
216488,680,0
216500,5115,2
216512,20,0
216548,6266,4
216560,5706,3
216632,5737,1
216668,9421,1
216680,4729,0
216692,385,0
216728,5449,0
216764,6904,1
216812,1966,0
216848,6955,4
216896,2934,2
216926,7818,0
216974,1127,0
217010,2059,1
217022,3067,1
217034,10069,4
217058,3942,0
217082,7489,1
217094,8342,3
217130,2818,2
217142,5039,1
217154,3707,1
217214,9058,1
217238,1580,0
217293,15172,8
217317,9246,2
217365,14716,3
217386,7717,1
217470,4876,3
217518,2763,3
217554,4391,2
217590,884,0
217710,4424,2
217722,432,0
217746,6318,3
217800,8038,0
217807,9343,1
217819,39,0
217867,131,0
218011,9233,3
218023,8514,1
218053,8104,2
218089,7452,0
218221,2649,0
218257,7433,1
218340,445,0
218424,6548,0
218508,16718,2
218525,11174,5
218533,16445,8
218617,2888,0
218629,3950,0
218641,4182,0
218701,8303,1
218761,4987,0
218785,4333,1
218797,6740,2
218845,7196,5
218905,8618,1
218917,11192,2
219061,3571,2
219121,15758,2
219181,6678,1
219217,3714,1
219265,5881,2
219301,6126,4
219337,4360,0
219409,6895,0
219445,10397,4
219481,1555,0
219541,396,0
219649,4224,0
219661,5948,1
219709,213,1
219909,8522,4
220005,2336,1
220017,6187,2
220053,5653,1
220077,8593,1
220089,7714,5
220101,9510,4
220113,3198,1
220125,7197,2
220137,4905,1
220161,6229,3
220269,8221,1
220281,15859,3
220304,7009,5
220364,9268,3
220376,6499,3
220388,5179,0
220412,4692,0
220472,10128,2
220556,8056,2
220592,2121,1
220664,3430,0
220736,4077,0
220796,460,0
220820,2246,0
220875,6118,3
220899,1503,0
220947,3904,1
220959,7643,3
220983,8420,3
221007,249,0
221043,6970,3
221055,1515,1
221091,4725,2
221144,9912,1
221224,10865,3
221248,5691,0
221440,4239,0
221452,1434,0
221464,2250,0
221518,0,0
221542,3310,1
221578,6706,1
221590,9403,2
221780,10541,5
221876,2908,0
221924,3063,0
222068,3638,1
222080,5615,0
222092,755,0
222116,386,0
222200,9709,3
222207,5063,0
222255,2871,0
222290,3341,1
222362,8792,3
222374,4722,2
222398,6234,0
222457,422,1
222481,5080,1
222505,6221,4
222517,7391,2
222553,13226,0
222589,8774,2
222613,11944,7
222625,7621,0
222673,12695,4
222697,3529,0
222709,5839,1
222745,14461,0
222769,6916,2
222781,8498,6
222793,4273,0
222824,3831,1
222836,1250,0
222848,4938,2
222860,3655,1
222884,5847,2
222896,9126,2
222999,8900,1
223071,7209,1
223119,7211,3
223143,7862,3
223250,2225,1
223286,2770,0
223394,9024,0
223406,8608,5
223526,16377,3
223562,9122,2
223596,5196,1
223620,4569,0
223632,7848,2
223656,7025,2
223724,405,0
223736,5974,1
223784,7977,4
223874,5296,2
223886,3632,1
223982,7094,2
224062,709,0
224105,481,0
224117,5850,0
224187,5455,3
224211,0,0
224247,2341,0
224319,696,1
224343,3935,2
224355,325,0
224367,5753,3
224403,3255,2
224415,4827,4
224451,4622,2
224559,5929,3
224607,10489,3
224619,4518,0
224691,4231,1
224727,1798,1
224739,18168,5
224763,1531,0
224823,17037,4
224843,6240,2
224889,8681,1
224985,4053,2
225007,2517,1
225055,8028,4
225091,5708,0
225103,270,0
225115,6369,3
225139,108,1
225172,2540,0
225184,5661,0
225196,4449,3
225268,5380,1
225304,898,0
225340,6032,3
225376,7669,2
225400,13121,6
225448,3807,0
225539,7550,1
225558,3281,0
225654,2009,0
225702,9653,1
225714,7846,2
225786,592,0
225822,5418,1
225894,4989,3
225906,5914,2
225966,7510,4
225990,7940,2
226026,393,0
226074,15310,1
226158,5950,1
226194,6198,2
226242,2302,1
226314,6341,0
226378,4618,1
226390,121,0
226434,6923,1
226494,5394,1
226542,7448,0
226626,7383,2
226686,2756,0
226746,3785,0
226816,7233,3
226912,6279,1
226936,10355,2
226972,11145,1
227063,4657,1
227075,7116,0
227171,8431,1
227312,2164,0
227336,3163,0
227394,6573,1
227430,1812,0
227454,941,1
227466,3723,0
227569,8244,1
227598,1289,0
227622,5479,1
227691,3700,1
227715,4201,2
227775,5541,0
227823,7202,2
227859,12860,2
227930,485,0
227966,363,0
228074,1110,0
228086,2221,0
228098,6387,2
228158,11638,1
228182,6908,2
228218,6390,1
228242,7400,2
228338,6944,2
228350,8050,3
228362,4461,3
228386,8031,3
228422,6681,2
228434,4807,3
228475,11773,2
228523,8537,1
228547,7305,2
228559,8543,5
228709,6938,3
228721,9487,1
228778,412,0
228838,4718,1
228858,55,0
228870,6625,5
228882,5791,1
228923,7741,1
228983,4337,1
229038,9048,2
229050,6238,2
229118,4421,1
229140,167,0
229200,1497,0
229212,13657,5
229236,2219,0
229248,8627,0
229260,5470,3
229296,4715,1
229308,1085,0
229320,5506,4
229332,5779,1
229349,6828,2
229383,5658,4
229407,5033,0
229450,3275,1
229474,4991,1
229558,10149,1
229570,229,0
229678,554,0
229735,9716,3
229783,3930,1
229834,3013,1
229870,9082,3
229882,2299,0
229906,9135,0
229995,309,0
230007,4620,0
230043,6020,2
230067,6714,0
230125,5398,0
230143,8671,4
230155,11423,3
230203,4876,1
230227,3093,2
230263,3019,4
230275,3012,1
230287,3365,0
230299,299,0
230323,8537,7
230335,7405,3
230443,4464,0
230582,6793,4
230618,6763,2
230630,7688,1
230642,8534,0
230654,2986,1
230666,10810,1
230678,3591,1
230702,9084,3
230738,6159,1
230750,3453,1
230762,8406,2
230774,4206,2
230786,6398,2
230822,7912,1
230834,5546,0
230882,4191,0
231013,7014,1
231061,9315,1
231085,9300,2
231109,4857,1
231121,4444,1
231181,11627,4
231277,6619,2
231289,9331,0
231301,6910,3
231313,6095,2
231373,5239,3
231453,1096,1
231477,3813,1
231537,3845,2
231549,5213,2
231573,11688,1
231597,2886,0
231609,3520,2
231669,2840,0
231705,7748,2
231717,2928,0
231729,6785,0
232010,8472,5
232022,5984,1
232034,645,0
232046,5897,1
232070,381,0
232094,3873,1
232106,6385,0
232202,6036,2
232214,4197,1
232262,6546,2
232274,7417,3
232339,7476,1
232387,6468,1
232423,4525,0
232435,11009,3
232459,4698,1
232495,7062,1
232507,682,0
232543,11308,0
232555,6653,0
232567,5877,0
232611,4807,2
232647,4937,1
232695,1702,1
232743,5664,3
232923,3644,1
232935,6129,3
232959,7804,1
233019,6624,0
233091,5268,1
233139,10890,4
233161,6559,3
233293,7845,4
233329,9456,2
233497,5697,2
233509,7601,3
233521,6796,2
233627,4321,1
233639,7557,1
233675,5477,2
233709,5302,1
233729,2163,3
233753,4895,3
233765,3843,2
233789,8301,4
233849,5921,0
233873,9570,5
233966,5836,2
233990,6890,1
234044,7043,3
234056,1903,0
234092,864,0
234104,6975,2
234125,1441,0
234197,3302,0
234221,3151,1
234233,5175,1
234245,5446,2
234257,10685,1
234327,1189,0
234339,1454,1
234499,3432,0
234535,780,1
234542,6062,0
234578,2758,1
234590,6354,2
234614,10720,5
234782,4609,0
234794,3858,2
234806,5602,2
234902,8138,2
234914,4482,0
234970,2554,2
234994,8823,1
235030,4366,2
235042,8220,0
235064,4310,1
235112,1031,0
235267,7791,3
235486,3364,1
235558,4592,0
235582,7120,1
235589,3531,1
235613,7531,5
235754,6250,1
235778,1808,1
235837,6260,3
235941,4870,1
235953,1958,0
235965,6285,3
236001,5356,2
236023,10795,2
236042,4812,1
236112,10020,3
236148,9043,2
236172,1553,2
236268,5839,0
236402,4365,1
236414,210,1
236450,6067,1
236497,8906,4
236545,4315,1
236557,0,1
236593,4532,0
236629,3680,1
236675,10371,0
236699,1379,0
236711,7054,3
236723,2075,1
236735,2209,1
236747,1032,0
236795,6154,0
236831,4624,1
236843,8649,0
236903,10227,3
236927,8294,2
237015,4301,2
237063,1376,0
237097,7582,2
237168,5827,0
237259,9318,3
237271,5671,1
237295,2514,3
237319,2109,0
237367,7367,3
237436,7747,0
237531,6447,2
237577,6047,1
237613,2268,2
237752,8384,2
237856,7984,4
237868,610,0
237940,3331,0
238031,5363,0
238043,1837,0
238079,11471,6
238091,6768,1
238127,5000,0
238205,3436,0
238640,8729,4
238652,3727,0
238712,6826,3
238724,1340,0
238736,7402,2
238748,5467,0
238784,9356,4
238796,2029,0
238903,8605,1
238972,5542,0
239008,10053,2
239020,9348,3
239025,7285,2
239387,9162,7
239435,7613,3
239564,5758,0
239576,7194,6
239696,3760,0
239845,6870,1
239869,3363,2
240289,7049,5
240489,3291,0
240501,8349,0
240513,13930,2
240576,4607,3
240622,1403,0
240666,5227,2
240755,11105,0
240765,3214,1
240792,2921,1
240936,3333,1
240948,6069,1
241008,6886,0
241040,3047,0
241052,7225,0
241075,5699,2
241223,9471,1
241235,5531,1
241247,2908,2
241259,391,0
241472,6564,0
241484,4567,3
241515,9907,3
241588,7068,1
241624,1903,0
241680,5867,2
241710,6400,2
241811,3094,0
241823,9191,2
241979,5995,1
242116,384,0
242164,7797,2
242200,6480,2
242255,17937,3
242327,431,0
242387,3334,0
242399,5447,1
242411,10423,4
242515,6270,0
242575,3665,2
242587,10476,3
242593,7309,1
242653,7204,2
242684,6240,2
242762,3271,0
242774,8490,2
242786,5715,3
242805,4994,2
242817,2516,0
242865,414,0
242901,6899,3
242932,10255,2
242988,6917,1
243012,6428,3
243017,12206,1
243039,6625,0
243097,5564,1
243133,2401,0
243219,1926,1
243299,3812,0
243347,4416,1
243359,3271,1
243367,9647,1
243376,7971,3
243419,6826,1
243464,6097,1
243557,5976,2
243581,3719,1
243629,5833,1
243677,5489,1
243689,1991,1
243802,4372,3
243813,2286,1
243837,6246,2
243900,8405,4
243912,1756,1
243924,6216,1
243936,9224,4
244013,11252,3
244022,1072,0
244034,4480,2
244070,9671,3
244094,6939,2
244202,1195,0
244317,3717,1
244331,9057,2
244379,3690,1
244391,3757,2
244494,3359,1
244679,174,0
244881,4534,2
244907,6281,1
244976,3600,0
245031,8393,5
245050,9796,2
245062,7699,1
245104,13412,0
245128,6071,1
245243,1404,0
245287,8095,5
245317,6590,2
245329,3722,0
245341,4296,1
245363,8100,2
245385,6761,3
245409,6812,0
245431,6329,1
245443,3702,0
245505,5351,4
245528,5877,3
245576,7845,2
245588,5653,2
245692,4270,0
245702,6957,1
245774,1909,0
245820,5043,0
245944,5362,2
246016,258,0
246026,4805,3
246062,5996,1
246079,5553,0
246157,4616,2
246164,345,0
246183,2367,0
246240,5583,3
246252,5225,1
246299,1372,1
246498,3459,1
246546,6694,1
246588,7562,0
246607,7022,2
246619,6390,3
246691,2328,0
246727,10,0
246751,446,0
246819,5187,1
246915,7699,6
247006,9276,1
247065,4648,1
247170,3054,0
247223,7594,3
247232,3596,0
247268,5587,0
247322,5404,1
247423,4218,0
247625,2228,0
247673,4311,0
247683,5398,4
247707,9768,3
247719,5089,1
247767,15784,1
247938,5035,2
247950,6640,2
247994,7259,1
248048,10564,0
248082,3748,1
248139,7689,4
248150,6894,2
248366,9744,2
248402,8275,3
248438,2882,0
248486,9743,3
248621,3011,1
248736,6094,1
248760,9562,3
248769,5714,1
248819,8104,2
248837,5039,1
248930,2241,0
248942,1670,0
248961,11461,2
249070,8684,1
249078,5554,1
249121,9703,1
249188,9032,1
249215,7119,2
249403,5009,1
249448,3547,0
249523,6980,3
249552,4456,1
249564,3545,0
249580,1074,0
249587,6201,2
249660,2768,0
249728,5771,1
249792,7063,2
249798,5054,1
249816,3217,1
249964,8812,2
249990,1213,0
250007,4304,0
250093,5712,1
250103,4345,1
250114,3505,1
250126,4459,3
250149,8307,3
250160,8113,3
250198,2992,0
250240,1710,0
250279,4523,0
250302,3312,1
250333,6151,0
250371,1929,0
250377,6450,0
250387,7706,1
250412,1574,0
250435,2387,1
250459,8996,2
250519,5266,1
250591,1309,2
250781,6955,0
250793,7541,2
250849,7699,0
250996,5288,3
251145,15225,1
251175,7953,1
251223,4014,3
251392,221,0
251404,8128,1
251511,530,1
251533,6786,3
251552,4011,0
251564,4668,3
251603,6976,0
251624,5124,1
251662,5631,1
251700,4317,2
251710,6456,2
251720,6747,4
251765,4083,1
251797,7789,1
251821,13554,4
251845,6793,1
251857,8462,2
252337,8698,5
252403,6940,1
252477,6685,1
252483,4886,4
252495,1135,0
252519,3529,1
252566,4141,2
252683,9631,4
252715,6468,0
252772,345,0
252833,8464,4
252845,0,0
252994,4144,2
253027,13703,2
253086,6069,1
253217,5826,1
253228,5575,3
253269,3629,0
253404,5992,0
253428,9913,3
253460,9640,1
253471,7711,2
253493,4661,0
253505,3157,2
253586,936,0
253603,5819,1
253620,5346,1
253632,4730,2
253650,4253,3
253717,5146,1
253726,11434,0
253758,5279,1
253794,4607,1
253839,238,1
253850,10861,4
253874,2597,1
253889,384,1
254002,4080,0
254059,4347,2
254116,731,0
254186,3605,1
254209,6889,2
254217,1350,1
254289,6435,2
254317,2961,2
254329,3561,1
254340,4592,2
254403,3396,2
254426,4128,3
254433,4055,1
254500,2374,1
254530,6162,2
254541,3271,1
254567,3377,0
254587,333,0
254676,7985,1
254694,1697,0
254704,5241,1
254729,4017,2
254770,8437,5
254876,4377,1
254882,1088,0
254890,6492,2
254898,12356,1
255014,6781,2
255038,2258,0
255214,7999,3
255224,1457,0
255234,6520,1
255313,7290,4
255343,7047,3
255365,5139,0
255414,5057,2
255420,3984,2
255461,3691,3
255469,1585,0
255540,5222,1
255585,1764,0
255631,13345,2
255643,4346,1
255689,6327,3
255753,9056,1
255763,7417,0
255771,3882,1
255831,5963,1
255847,7940,2
255856,8011,2
255877,5714,3
255932,11215,1
255950,5788,2
255993,6480,5
256096,4235,0
256109,585,0
256224,3508,3
256333,7948,3
256397,568,0
256452,3545,0
256521,1142,0
256555,10424,3
256584,2224,1
256602,5437,1
256628,9239,2
256651,3946,1
256656,8981,4
256685,4218,2
256691,3413,1
